District,State,Literacy_Rate_pct,Sex_Ratio_Total,Birth_Registration_pct,Electricity_Access_pct,Improved_DrinkingWater_pct,Improved_Sanitation_pct,Clean_Fuel_Cooking_pct,Iodized_Salt_Use_pct,Health_Insurance_Coverage_pct,Women_Literate_pct,Child_Marriage_pct,Teenage_Pregnancy_pct,Hygienic_Menstrual_Protection_pct,Higher_Order_Births_pct,ANC_First_Trimester_pct,ANC_4plus_Visits_pct,Neonatal_Tetanus_Protection_pct,Iron_Folic_100days_pct,Iron_Folic_180days_pct,MCP_Card_Registered_pct,Postnatal_Care_Mother_pct,OOP_Expenditure_Public_Delivery_Rs,Institutional_Births_pct,Institutional_Births_Public_pct,Home_Birth_Skilled_Personnel_pct,Births_Skilled_Personnel_pct,Caesarean_Section_pct,Caesarean_Private_pct,Caesarean_Public_pct,Home_Birth_Facility_Checkup_24hr_pct,Postnatal_Care_Child_pct,Fully_Vaccinated_Card_Recall_pct,Fully_Vaccinated_Card_Only_pct,VitaminA_6to35mo_pct,Vaccinated_Public_Facility_pct,Vaccinated_Private_Facility_pct,ARI_Prevalence_pct,ARI_Fever_Facility_Visit_pct,Breastfed_Within_1hr_pct,Exclusive_Breastfed_6mo_pct,Solid_Food_6to8mo_pct,Adequate_Diet_Breastfed_6to23mo_pct,Adequate_Diet_NonBreastfed_6to23mo_pct,Adequate_Diet_Total_6to23mo_pct,Child_Stunting_pct,Child_Wasting_pct,Child_Severe_Wasting_pct,Child_Underweight_pct,Child_Overweight_pct,Child_Anaemia_6to59mo_pct,Women_NonPregnant_Anaemia_pct,Women_Pregnant_Anaemia_pct,Women_All_Anaemia_pct,Women_15to19_Anaemia_pct,Women_BMI_Below_Normal_pct,Women_HighBloodSugar_Mild_pct,Women_HighBloodSugar_VHigh_pct,Women_Diabetes_or_Medicine_pct,Men_HighBloodSugar_Mild_pct,Men_HighBloodSugar_VHigh_pct,Men_Diabetes_or_Medicine_pct,Women_Hypertension_Mild_pct,Men_Hypertension_Mild_pct,Women_Cervical_Cancer_Screening_pct,Women_Breast_Exam_pct,Women_Oral_Exam_pct
Thane,Maharashtra,84.53,948,71.91,87.98,60.78,44.18,44.53,55.84,48.69,52.21,49.82,46.81,58.88,45.72,32.09,55.42,65.37,44.47,30.99,52.93,44.44,2246,64.2,38.72,12.03,62.71,34.67,16.05,11.97,13.11,53.45,68.18,52.74,95,57.29,41.6,3.63,29.43,64.52,80.79,62.99,10.27,40.35,20.9,54.71,4.77,1,60,2.32,88.35,40.3,43.82,34.61,45.87,48.04,2.25,2.71,4.01,3.27,0.36,5.49,7.23,17.43,26.81,12.95,13.21
North Twenty Four Parganas,West Bengal,84.06,994,78.75,83.15,83.19,57.92,40.93,72.86,36.6,71.38,50.82,50,62.8,55,40.1,25.31,59.29,46.35,16.36,50.62,41.18,2064,66.81,29.38,3.13,86.2,39.95,35.1,7.58,21.16,18.61,46.26,43.81,21.25,70.33,29.15,10.57,41.1,49.2,23.53,80.02,26.97,24.01,39.06,41.11,8.76,3.24,60,4.92,82.89,61.23,26.77,44.17,47.32,45.57,3.41,5.73,18.06,6.51,5.73,17.26,0.57,15.88,16.56,19.99,11.78
Bangalore,Karnataka,87.67,955,70.49,80.24,83.69,60.49,32.52,90.35,6.91,77.82,37.84,50,61.7,48.67,53.53,71.03,74.88,42.19,11.81,57.49,52.51,2077,68.09,48.14,2,67.1,21.45,7.66,13.34,65.39,50.11,64.13,57.86,75.93,71.15,29.56,14.83,31,57.71,80.14,60.11,34.28,37.89,21.88,53.97,17.76,7.58,60,5.14,41.95,52.36,59.46,55.84,56.81,51.63,10.55,3.6,9.83,0.92,11.53,18.56,0.87,11.8,8.83,17.58,8.19
Pune,Maharashtra,86.15,956,60.79,84.12,72.34,65.79,52.09,73.96,73.89,60.94,70,50,73.77,55,47.89,41.33,53.07,51.83,33.02,64,32.34,2179,79.41,47.93,11.56,71.08,18.09,1.96,10.79,46.84,36.79,57.7,53.95,56.11,64.83,33.27,11.78,46.31,58.74,10,93.4,23.62,46.32,45.87,70,12.34,1,57.28,1.64,88.77,67.18,55.33,62.76,73.56,52.85,5.29,0.29,1.49,5.6,5.83,10.7,9.58,3.05,17.52,24.02,18.16
Mumbai Suburban,Maharashtra,89.91,935,70.8,73.69,74.24,72.43,40.88,67.84,20.45,69.47,31.98,50,70.68,44.84,48.47,44.56,64.05,47.3,35.42,69.76,55.67,1361,75.87,36.22,30.66,82.08,14.5,3.27,7.68,25.52,51.74,53.64,35.04,39.02,41.6,56.23,10.28,52.6,70.8,49.26,62.57,18.73,22.91,28.85,70,15.29,7.59,57.11,7.43,46.76,45.77,54.25,50.81,54.97,48.14,2.08,1.36,12.33,3.32,11.81,17.59,8.81,12.72,20.97,18.7,17.81
South Twenty Four Parganas,West Bengal,77.51,948,55.68,72.54,70.92,53.66,51.34,89.11,33.17,63.24,40.51,50,54.18,55,65.88,48.38,38.4,45.92,26.92,65.17,24.16,2454,63.32,35.47,13.32,71.94,26.25,25.76,10.81,54.49,46.76,53.02,38.1,55.99,56.02,48.9,9.08,25.49,42.72,76.76,40.72,31.64,70,27.63,61.71,18.84,11.61,39.12,0.9,67.4,62.42,43.83,57.67,67.07,55,7.79,2.7,9.17,0,3.3,12.67,4.1,16.33,20.47,19.92,11.91
Barddhaman,West Bengal,76.21,962,55.41,81.25,55.92,71.9,24.67,74.03,52.17,65.32,67.42,50,55.51,55,50.69,62.26,35.15,55.11,48.39,58.59,59.18,932,54.53,23.16,24.81,69.36,39.89,16.97,20.17,32.26,21.97,29.06,16.9,91.82,65.04,27.32,6.46,21.45,53.72,61.93,66.17,13.14,49.87,36.12,62.67,11.72,4.54,57.06,2.54,52.48,83.65,45.97,65.1,68.2,50.02,9.07,5.1,10.45,15.84,4.24,2.7,8.61,0.05,14.66,6.44,15.99
Ahmadabad,Gujarat,85.31,882,67.54,75.25,70.75,61.96,71.97,71.88,21.07,51.29,55.95,50,62.67,49.63,57.15,63.83,66.41,39.14,14.82,40.18,59.4,1555,71.97,51.62,12.76,69.31,35.86,18.53,9.33,59.38,44.2,52.83,46.78,84.7,63.92,30.77,7.54,53.99,43.92,28.39,76.47,35.42,33.81,19.16,67.15,18.79,6.25,55.46,0.66,59.18,15.81,36.74,26.08,15.33,53.34,5.99,4.31,6.51,3.91,4.94,7.84,12.25,12.6,18.38,14.87,12.43
Murshidabad,West Bengal,66.59,896,47.02,54,36.76,43.15,21.51,79.79,15.13,44.51,49.79,50,50.65,55,34.63,50.83,30.43,45.46,17.61,36.04,28.84,2093,52.06,41.62,27.67,51.75,29.38,11.81,6.63,74.81,38.49,38.43,31.49,17.99,43.58,59.79,5.74,56.26,62.19,58.07,89.43,19.77,27.45,33.89,65.5,21.38,9.72,60,3.87,50.29,63.89,58.08,63.84,60.8,55,1.06,0.26,4.34,3.23,4.49,8.47,16.45,12.43,16.24,11.97,12.84
Jaipur,Rajasthan,75.51,980,58.55,63.39,72.85,36.74,43.6,87.25,5,56.52,60.77,50,34.6,55,44.17,41.56,51.8,43.15,20.58,51.28,53.24,200,66.13,41.94,15.78,84.46,29.23,17.63,14.48,53.51,42.59,53.17,48.43,42.6,85.24,14.4,2.74,42.65,38.58,61.94,50.06,2,22.23,28.38,65.93,25.23,15.32,60,8.6,90.13,74.79,28.27,56.13,63.27,45.58,0,8.04,1.69,13.49,8.49,9.18,6.54,7.51,16.6,10.97,14.78
Nashik,Maharashtra,82.31,957,47.8,66.45,52.89,54.99,56.26,99,59.42,70.59,65.29,50,54.6,55,40.1,45.45,68.61,70.41,36.63,59.09,50.72,2892,60.82,45.9,5.22,69.65,26.32,14.93,13.19,36.7,43.8,32.91,33.58,76.86,17.12,80,8.14,46.39,55.88,58.69,38.83,19.54,53.26,31.93,65.56,9.03,5.02,60,6.69,62.9,31.65,51.34,43.56,43.38,44.78,2.4,1.77,2.59,2.31,0,6.33,11.96,17.56,16.41,24.09,8.07
Surat,Gujarat,85.53,943,71.28,71.48,85.63,56.51,37.76,87.93,34.1,87.69,48.38,34.04,45.03,53.6,56.37,55.47,68.06,45.17,31.31,68.49,39.21,352,74.12,41.98,16.77,71.41,17.53,8.99,1.36,47.59,32.39,64.33,34.43,57.57,57.5,44.29,12.43,36.94,69.08,47.67,72.45,24.31,32.95,18.8,48.63,13.97,6.23,45.93,4.69,68.38,44.19,39.86,45.06,48.33,55,10.22,5.32,2.16,1.19,3.64,6.18,18.7,18.67,12.2,7.46,14.56
Allahabad,Uttar Pradesh,72.32,951,59.25,62.49,58.71,60.23,51.18,91.92,95,54.65,70,50,63.41,47.3,38.45,41.83,45.36,49.5,26.33,51.06,19.12,2803,57.96,37.99,42.01,55.76,10.63,16.19,1.6,35.27,26.95,65.69,60.07,57.64,45.42,47.91,2.84,37.53,35.58,70.39,71.99,31.63,9.86,18.68,70,23.71,8.31,49.81,1.79,48.92,49.09,78.12,62.95,70.63,55,9.85,1.16,7.21,6.18,9.99,17.73,13.75,23.88,17.79,13.89,11.52
Paschim Medinipur,West Bengal,78,964,55.33,60.36,63.58,59.22,23.36,71.93,25.11,50.04,35.96,43.45,53.99,50.94,45.57,57.47,39.81,44.18,14.13,55.11,50.6,1036,56.31,40.77,41.48,68.26,17.79,5.57,12.98,5,26.36,56.49,49.97,26.63,65.28,35.03,13.59,41.97,56.05,75.61,43.83,30.24,6.03,5.01,53.96,7.14,1,50.43,2.66,43.77,44.04,58.43,51.61,54.91,55,2.82,11.45,8.74,5.02,3.51,2.32,6.15,12.83,11.36,21.26,7.6
Patna,Bihar,70.68,928,64.6,63.72,54.66,37.68,59.19,65.69,26.57,58.3,64.53,50,47.54,55,40.8,52.37,56.04,23.68,21.34,51.85,32.88,1836,49.46,27.16,25.84,61.66,22.22,13.93,9.42,23.22,45.52,59.86,41.94,43.09,80.3,22.37,12.87,32.49,36.88,52.22,60.06,9.51,31.57,21.51,59.59,19.85,8.01,60,5.23,58.34,42.91,49.99,50.91,50.02,50.6,5.06,7.98,1.26,4.44,7.79,7.38,10.51,20.75,25.73,17.95,5.49
Hugli,West Bengal,81.8,919,75.73,79.94,65.29,58.98,44.29,78.75,33.69,75.1,62.59,50,66.23,55,44.77,56.18,71.59,39.65,9.71,54.71,62.22,2667,60.11,33.63,18.36,69.4,3.46,3.94,4.36,17.87,43.6,53.84,43.18,30.84,36.67,64.5,9.59,55.55,75.09,82.35,60.73,26.47,31.88,20.88,59.9,19.22,7.81,48.05,4.5,72.82,49.38,32.3,42.42,44.5,55,8.79,1.68,13.51,3.33,6.81,14.11,10.92,8.08,11.52,14.46,14.26
Rangareddy,Andhra Pradesh,75.87,958,45.83,61.93,78.5,59.82,31.58,79.29,49.86,60.35,63.39,50,57.33,55,76.99,15.21,47.69,53.5,23.53,53.98,45.69,4178,62.84,42.03,23.65,67.54,16.47,5.8,1.13,22.82,41.11,38.07,27.56,24.93,95,5,9.62,38.99,30.23,52.19,77.35,18.59,17.16,18.99,69.58,3,1,54.55,3.17,63.18,67.78,28.18,47.25,50.04,55,5.45,4.27,9.71,6.25,4.78,8.21,13.19,10.77,17.67,10.67,10.25
Nadia,West Bengal,74.97,911,53.6,78.11,38.85,67.76,35.49,65.06,35.6,51.47,52.97,50,41.19,55,33.23,46.52,45.7,37.29,9.39,63.74,36.59,2305,64.69,40.75,23.8,77.83,9.74,8.76,6.04,67.29,20.77,56.25,47.12,32.85,65.63,33,7.26,40.15,33.56,46.18,58.79,20.68,8.8,25.61,67.93,15.05,3.84,60,3.28,79.62,77.31,57.93,67.72,69.47,55,9.75,0.91,21.14,13.55,5.95,13,10.2,17.08,7.11,20.45,5.39
East Godavari,Andhra Pradesh,70.99,966,50.55,67.47,73.91,58.57,49.73,75.9,57.25,63.01,54.5,50,48.98,55,30.94,41.29,45.89,13.85,9.97,48.85,64.17,416,62.5,28.33,19.52,55.58,28.14,16.29,4.17,55.2,38.64,62.21,43.69,39.44,68.87,28.33,8.17,32.87,35.73,79.42,58.47,13.02,3,27.77,64.11,21.65,12.14,50.32,5.11,66.86,74.54,78.78,79.77,78.22,55,5.61,2.93,6.97,0.56,4.74,8.99,12.42,9.06,10.39,11.59,12.97
Purbi Champaran,Bihar,55.79,882,37.44,57.43,54.64,46.66,19.71,82.79,25.43,47.73,70,50,35.7,55,39.01,35.49,46.98,32.52,21,38.75,40.39,3058,49.88,10,25.29,47.77,12.5,10,1,42.94,38.29,29.79,26.17,42.78,36.08,57.29,6.15,27.71,29.21,78.77,66.72,24.39,19.37,33,70,17.31,6.15,60,5.61,65.1,69.91,56.54,66.6,68.51,53.59,7.93,5.27,20.16,10.36,0,13.19,15.1,12.03,7.1,7.01,12.11
Purba Medinipur,West Bengal,87.02,991,78.56,73.71,59.49,61.51,35.97,82.32,17.37,60.76,55.95,47.51,43.47,53.68,40.72,43.16,73.85,35.4,36.57,60.58,10,1991,67.9,35.94,22.5,68.78,21.28,13.29,10.36,49.62,25.76,57.28,43.5,41.16,61.16,31.53,8.13,56.17,59.37,43.84,44.33,62.59,24.92,33.79,65.08,15.21,1,60,0,73.03,82.48,52.8,65.11,67.99,55,4.71,6.54,12.73,13.13,6.38,5.81,4.74,18.04,8.83,22.4,8.37
Guntur,Andhra Pradesh,67.4,969,53.61,66.64,48.06,51.06,32.12,84.05,9.04,55.34,65.58,50,40.28,55,33.57,24.54,36.41,40.28,31.48,60.16,34.6,2263,65.76,19.39,16.21,59.65,11,1,9.59,5,30.65,49.1,33.37,78.41,79.49,22.46,8.56,35.06,63.33,41.23,93.51,47.28,39.68,34.81,66.37,20.25,12.9,60,3.45,66.5,85.47,53.04,70.34,68.08,49.89,2.86,0.28,0,4.5,3.15,1.71,3.4,12.96,9.26,15.02,10.1
Haora,West Bengal,83.31,960,64.84,67.34,85.92,70.81,27.33,81.49,5,73.79,60.41,50,56.48,51.3,32.78,55.54,44.17,65.27,50.7,47.24,33.38,2702,67.28,29.08,5.66,66.27,33.98,28.62,10.88,48.11,26.98,95.04,72.8,39.86,65.78,29.86,15.52,42.02,64.04,86.76,79.01,13.02,28.18,35.31,51.85,26.91,8.09,60,4.16,79.16,57.49,51.65,54.55,53.61,45.99,10.66,1.75,3.05,8.51,0.87,8.99,13.04,7.48,16.8,14.9,18.57
Muzaffarpur,Bihar,63.43,989,32.53,63.32,46.77,31.07,60.37,71.92,34.64,58.37,51.75,50,43.25,49.9,40.79,33.78,69.63,45.95,29.88,62.16,28.46,200,57.52,24.64,14.48,49.71,2,11.65,1,51.91,29.84,52.57,61.08,86.52,64.52,38.36,10.26,33.83,45.88,53.15,54.47,25.79,44.9,30.3,63.46,23.3,7.91,52.87,1.94,73.33,76.46,53.25,64.66,65.03,55,0,6.83,10.59,6.51,6.16,2.06,9.23,9.46,10.18,14.31,5.87
Belgaum,Karnataka,73.48,1017,66.46,67.33,51.23,47.94,30.59,71.83,38.98,56.93,53.63,50,36.61,55,46.47,50.98,50.99,60.18,28.29,39.67,42.35,2206,61.14,29.08,29.59,50.78,22.76,13.91,14.81,5,29.6,32.55,18.93,48.32,61.07,35.95,7.16,31.49,48.16,55.06,48.24,21.23,38.47,27.66,70,12.95,8.37,59.17,5.56,78.66,61.36,39.04,54.19,49.46,55,3.6,7.97,0.26,0.12,5.96,10.67,14.32,11.36,19.19,16.92,17.85
Moradabad,Uttar Pradesh,56.77,991,35.18,54.97,63.27,32.01,41.54,63.61,32.37,40.39,56.54,50,51.26,55,27.44,26.01,44.43,26.65,17.01,33.2,38.31,1831,51.26,34.76,19.62,49.04,5.23,1,1.05,48.77,35.79,20.39,13.29,66.78,37.2,56.23,7.6,11.95,34.48,50.46,49.4,26.7,37.19,38.15,65.13,7.33,1,60,2.42,75.75,51.76,34.42,42.38,45.01,55,5.62,1.68,4.52,11.88,7.94,5.32,15.44,16.53,5.56,11.09,7.22
Ghaziabad,Uttar Pradesh,78.07,876,64.15,62.03,69.13,58.44,44.98,99,69.87,71.18,49.3,50,53.63,55,51.52,63.83,48.83,42.32,30.13,62.1,49.98,3300,64.64,43.85,23.6,69.8,12.91,15.92,4.26,9.37,44.97,66.7,44.68,67.42,37.09,60.87,5.15,56.66,54.04,78.79,73.8,36,43.71,35.32,48.42,23.16,3.35,59.8,5.61,85.4,54.25,51.75,51.27,54.78,55,9.43,6.87,1.04,7.14,4.22,5.38,0.75,11.05,17.54,16.38,11.43
Nagpur,Maharashtra,88.39,899,74.07,73.29,63.07,74.18,33.27,78.16,69.56,60.45,57.12,50,62.25,55,26.32,65.05,67.35,36.66,27.63,72.18,65.97,2854,78.28,47.12,16.6,90.02,20.06,22.49,13.8,5,64.11,93.43,65.57,40.04,83.05,27.42,5.81,54.94,52.69,90,49.84,23.45,10.59,9.22,53.37,9.58,4.48,45.41,2.26,77.43,70.19,73.89,69.6,70.9,52.28,2.48,0.29,19.69,4.92,7.58,18.36,5.81,0,12.95,6.86,7.68
Chennai,Tamil Nadu,90.18,925,86.24,85.34,75.78,57.16,49.02,75.3,38.3,75.16,46.97,45.61,67.13,49.85,41.12,57.67,73.22,41.88,21.35,49.09,61.75,736,76.59,47.18,7.28,80.41,20.55,12.51,5.78,58.87,48.95,61.23,52.45,51.44,77.88,21.64,11.64,57.86,57.48,56.26,61.26,16.45,22.49,24.93,54.31,14.78,8.3,49.78,3.52,91.21,76.98,62.43,69.18,67.16,43.43,6.51,3.11,14.49,0.91,5.06,12.37,9.37,17.72,21.88,17.51,8.09
Azamgarh,Uttar Pradesh,70.93,951,45.11,57.2,50.85,25.75,49.32,66.85,9.12,44.33,70,50,41.77,55,36.97,40,54.1,29.34,21.51,38.72,49.45,3336,66.8,41.99,17.14,56.69,20.29,12.1,4.49,16.87,43.07,49.92,43.17,47.94,80.54,22.69,6.02,21.92,39.51,90,39.64,38.88,63.62,5.36,70,20.61,6.84,60,3.47,56.88,63.71,30.27,44.78,48.65,55,0.45,0.57,7.31,9.08,6.04,3.32,4.88,16.87,16.68,10.99,8.02
Lucknow,Uttar Pradesh,77.29,971,32.77,72.8,76.25,49.98,38.55,99,33.67,69.22,55.56,50,58.67,55,28.44,56.6,72.65,27.96,9.31,56.88,48.79,2605,59.15,12.56,7.73,54.82,19.52,12.29,10.09,22.11,35.82,62.68,46.96,65.45,47.19,53.65,5.53,54.8,37.76,45.02,73.12,10.19,3.31,5.12,49.69,28.17,10.9,58.06,6.33,77.52,49.06,45.92,44.9,49.33,53.15,7.76,2.78,16.56,7.61,6.28,10.76,7.64,6.61,18.98,11.46,15.14
Kanpur Nagar,Uttar Pradesh,79.65,921,66.58,62.12,77.39,64.89,60.69,65.12,33,60.64,52.81,50,52.08,55,22.82,52.5,53.51,61.22,28.39,79.2,63.23,807,53.54,29.53,6.96,57.93,11.58,1,1.21,52.81,30.57,49.23,45.13,55.42,59.16,33.81,5.63,62.06,51.1,49.91,73.68,27.27,25.83,20.89,62.95,29.29,8.18,50.6,4.48,44.29,47.66,61.66,51.99,54.98,52.77,13.29,9.73,15.29,9.42,1.01,10.29,3.61,6.2,13.53,12.51,21.31
Ahmadnagar,Maharashtra,79.05,957,82.29,77.08,71.7,60.71,57.75,72.85,31.86,72.34,53.63,50,46.37,55,39.78,50.29,53.75,19.42,5,67.8,43.63,2250,59.41,18.3,34.47,56.83,16.36,9.18,5.15,29.51,53.49,27.95,27.31,43.03,84.17,23.07,5.08,50.74,50.61,67.12,62.23,7.17,36.67,25.46,69.69,19.49,4.81,60,2.08,79.21,27.2,74.27,48.24,50.82,50.24,0,3.84,15.55,9.22,6.13,0.66,7.81,21.11,20.88,13.33,22.28
Krishna,Andhra Pradesh,73.74,920,72.69,57.74,66.55,55.9,53.03,82.99,31.05,61.61,49.38,50,57.35,55,48.89,56.76,55.25,58.31,35.18,49.14,40.76,3131,71.23,43.25,14.96,77.7,18.32,20.48,1.14,31.76,55.48,68,49.7,60.38,39.88,58.88,12.51,55.74,42.22,40.29,67.9,12.69,3.72,21.91,56.59,14.92,5,60,2.46,65.85,60.41,78.66,67.25,72.99,53.38,3.09,3.15,6.2,3.75,5.31,12.74,5.17,11.56,4.97,13.26,10.57
Kolkata,West Bengal,86.31,926,71.83,81.55,88.71,57.62,39.89,85.2,31.93,58.58,47.64,38.29,75.33,53.62,62.86,68.9,65.75,63.11,28.44,36.23,28.92,1107,72.13,22.93,11.1,75.67,19.95,12.12,7.72,31.36,55.94,55.11,29.06,64.79,82.34,11.11,8.57,50.82,46.17,66.88,76.94,33.94,19.46,5.69,57.5,9.39,5.7,60,2.45,79.05,59.39,46.63,54.21,56.54,49.99,9.35,2.31,7.46,0,4.19,15.76,11.72,17.52,17.77,18.09,11.52
Jaunpur,Uttar Pradesh,71.55,894,53.75,68.77,61.5,37.29,21.73,89.5,37.27,67.21,68.35,50,57.33,53.7,32.79,27.9,53.79,46.77,24.66,50.9,55.6,3440,61.55,32.41,39.42,56.15,17.34,6.07,6.34,41.26,40.93,66.95,56.85,95,51.44,46,6.87,24.89,52.78,45.67,67.5,16.85,57.94,36.3,47.02,34.67,14.16,60,3.04,90.19,39.33,63.19,45.38,43.98,55,17.77,3.1,3.52,6.56,5.34,8.89,14.51,8.84,13.57,10.64,6.8
Madhubani,Bihar,58.62,913,57.04,47.88,41.28,46.19,20.97,99,32.29,57.24,65.97,50,50.26,55,41.04,22.57,30.26,20.94,19.79,44.66,34.25,839,41.4,27.15,29.78,42.15,25.3,18.93,12.73,30.93,20.55,38.11,29.94,59.36,46.61,52.36,8.12,35.71,45.93,27.21,76.71,2.48,32.39,18.52,70,16.68,9.73,60,1.11,77.02,62.1,53.99,55.94,58.46,55,8.35,1.57,8.43,6.29,12.65,9.54,12.04,16.93,14.72,14.31,13.25
Sitapur,Uttar Pradesh,61.12,896,41.1,59.08,59.22,34.44,34.62,84.07,49.17,54.01,55.39,50,37.58,51.62,41.25,27.31,47.85,16.57,5,38.96,71.88,1488,52.48,19.92,15.54,45.1,18.93,8.97,10.05,37.05,47.32,50.08,37.74,58.2,61.43,42.32,8.87,18.43,61.27,23.63,47.48,16.33,21.96,32.87,70,24.42,14.73,60,2.84,58.81,61.85,48.08,54.66,55.82,46.15,3.08,4.41,4.94,7.66,0,8.21,22.99,7.46,10.62,15.9,6.26
Bareilly,Uttar Pradesh,58.49,911,53.63,54.46,73.88,62.78,38.28,65.33,52.21,38.62,55.66,50,24.97,55,46.79,17.06,39.28,27.66,12.56,32.44,30.23,1351,41.53,30.54,25.13,44.84,20.01,12.67,9.21,25.94,39.12,57.43,39.34,66.57,41.89,54.71,5.01,22.4,55.13,49.17,70.68,15.04,32.95,18.85,70,20.57,10.89,60,5.74,48.68,32.74,51,45.32,47.3,55,5.41,3.9,3.63,13.07,4.61,12.93,14.69,15.53,5.61,15.33,7.82
Gorakhpur,Uttar Pradesh,70.83,992,63.18,59.98,50.89,55.29,5,74.92,26.79,52.76,53,50,64.48,50.44,34.75,41.75,45.23,47.92,29.33,51.17,43.56,3439,53.2,33.31,17.17,70.74,14.17,2.87,6.54,41.33,63.26,66.8,56.06,39.01,27.86,80,2.44,38.54,34.94,62.52,67.9,9.85,21.93,21.03,53.97,15.04,1.25,57.53,5.65,73.04,50.17,51.19,49.94,55.97,54.23,1.09,2.63,14.66,6.81,7.44,9.75,14.51,15.14,7.29,18.84,12.61
Agra,Uttar Pradesh,71.58,912,69.29,57.36,57.91,44.3,37.83,81.69,70.42,57.01,57.79,50,70.65,55,17.79,50.15,51.85,40.83,26.47,40.68,49.51,1758,57.62,34.74,11.69,60.6,7.48,1,2.32,40.65,25.52,57.16,45.66,23.49,63.37,31.94,13.35,37.25,45.3,30.5,83.03,31.6,53.98,32.2,69.55,14.7,5.03,60,0,60.71,76.14,68.8,72.01,70.8,28.41,9.22,2.36,12.36,9.77,1.26,9.95,9.59,0.61,12.83,11.47,12.54
Gaya,Bihar,63.67,1055,80.35,43.56,60.55,38.46,35.57,99,25.4,43.49,70,50,60,55,35.86,37.94,36.77,24.31,10.59,63.29,24.98,1153,57.68,37.31,25.7,42.54,19.54,16.39,9.28,69.16,45.37,52.22,37.27,51.76,71.62,31.44,11.95,37.3,30,58.21,65.46,6.44,16.13,22.81,66.21,7.94,5.81,60,0,74.95,45.5,27.53,36.25,38.77,45.01,10.18,4.55,4.59,8.51,6.11,6.95,8.47,13.74,10.16,11.38,7.11
Solapur,Maharashtra,77.02,970,66.69,71.77,64.52,52.98,37.05,61.23,12.64,74.01,40.38,50,50.56,49.34,30.2,39.8,43.71,57.29,40.67,69.08,50.51,2601,69.88,35.56,16.11,83.95,30.07,20.12,6.08,28.14,48.95,64.8,38.8,79.44,83.88,6.25,9.51,15.84,31.27,58.27,63.54,17.94,22.68,29.05,39.25,27.98,10.83,60,1.81,57.4,55.26,57.49,50.9,48.43,49.26,11.63,1.81,13.73,1.46,5.91,21.21,16.37,8.69,18.15,16.64,11.17
Visakhapatnam,Andhra Pradesh,66.91,957,50.09,49.27,48.67,44.44,54.52,92.43,52.62,53.03,56.66,50,35.29,55,28.12,53.66,22.34,58.67,39.93,53.42,40.56,2795,61.51,35.05,20.91,47.75,22.44,10.71,1,31.69,32.7,57.37,51.57,82.67,72.93,26.45,11.68,31.25,67.06,51.98,56.64,26.6,9.11,30.33,70,18.04,2.36,55.76,0,51.06,57.41,74.63,68,67.73,55,4.68,3.28,10.54,1.84,0.23,9.7,8.73,19.56,16.81,11.26,7.7
Samastipur,Bihar,61.86,916,51.14,56.34,66.43,54.47,38.44,80.16,28.65,25.95,64.33,50,32.65,55,30.41,38.8,62.68,33.21,29.04,44.2,33.47,2801,39.88,22.01,32.26,47.85,9.83,6.99,8.09,39.3,50.39,33.53,29.99,20.41,95,6.84,15.66,37.57,57.64,38.33,87.37,20.89,25.86,9.87,70,30.44,10.52,60,0.47,61.37,54.6,72.91,65.61,75.19,55,2.77,2.65,7.42,11.61,3.25,14.5,10.17,14.41,11.37,6.58,5.95
Jalgaon,Maharashtra,78.2,978,45.96,68.54,89.03,56.6,61.57,88.05,51.43,64.18,34.74,50,37.9,55,38.94,51.04,61.39,45.41,26.59,48.14,60.99,1956,66.42,36.43,30.93,76.95,26.15,13.96,11.85,52.36,47.84,42.75,34.11,71.32,86.5,7.9,5.86,46.82,43.89,59.32,29.66,20.15,27.56,32.73,70,15.41,1,60,3.7,72.51,65.33,59.1,64.66,69.72,47.13,11.98,0,16.95,3.48,10.35,12.33,9.14,11.52,14.2,13.13,7.63
Chittoor,Andhra Pradesh,71.53,927,51.7,69.13,63.46,42.75,34.68,76.78,5,53.02,48.75,50,49,55,41.04,56.77,50.33,22.66,9.49,49.86,32.07,2429,59.23,27.2,13.4,64.12,14.65,5.6,4.62,15.35,28.1,29.03,10,14.3,75.29,32.21,3.52,44.81,59.62,52.44,72.67,16.33,46.74,15.75,54.02,16.62,5.82,60,2.92,66.83,69.03,37.89,60.98,64.67,53.44,11.52,6.58,10.53,8.48,0.23,0,12.7,22.11,18.2,22.48,4.84
Vadodara,Gujarat,78.92,955,60.1,68.91,57.26,74.15,56.41,67.89,72.85,61.48,45.85,50,71.3,40.15,51.84,45.87,49.63,39.49,18.23,71.64,50.65,1615,54.82,20.21,25.83,63.32,25.15,22.17,13.1,36.86,41.99,67.6,50.4,67.18,70.44,31.73,10.65,41.16,64.43,72.67,64.69,10.37,15.77,13.67,45.21,9.93,1.92,60,0,52.8,73.97,62.43,64.3,60.88,55,2.05,0,17.89,2.9,3.68,9.15,14.46,1.58,12.98,12.07,13.29
Muzaffarnagar,Uttar Pradesh,69.12,1052,51.6,59.9,44.44,48.88,61,87.01,58.45,50.8,50.57,50,46.97,51.79,33.6,66.19,21.17,45.69,29.87,57.07,58.93,3707,58.88,29.69,6.47,48.9,14.31,13.22,2.08,5,26.63,48.27,34.27,65.99,84.14,14.27,2.13,29.48,26.9,31.73,62.25,17.36,36.77,18.28,62.16,16.51,5.52,60,5.34,92.01,50.3,71.2,56.29,58.16,50.88,4.5,0,11.83,9.99,4.5,5.24,15.32,24.56,11.42,9.86,9.41
Malappuram,Kerala,93.57,946,76.7,89.34,78.4,73.19,70.82,85.85,14.99,80.99,45.78,38.04,68.52,55,56.21,50.77,58.54,56.04,30.61,67.54,47.66,3230,77.53,39.51,25.4,71.8,21.53,13.89,4.71,30.11,45.84,76.31,52.28,23.52,22.17,79.95,8.15,50.32,65.61,57.05,60.06,32.89,31.21,36.77,57.36,9.08,7.18,58.23,2.16,62.92,62.86,41.76,54.43,48.86,38.56,9.16,6.69,12.26,7.99,5.01,15.88,8.48,24.25,10.23,15.98,9.49
Hardoi,Uttar Pradesh,64.57,996,45.2,60.46,68.01,39.12,17.36,89.66,15.42,58.84,59.65,50,58.95,55,35.69,62.72,54.13,31.19,14.16,54.44,35.18,3175,58.98,26.55,21.78,47.63,12.82,9.05,1.11,54.31,43.96,55.36,47.55,78,53.36,43.67,6.81,28.52,39.14,32.11,64.16,19.79,3.5,7.8,60.17,22.22,4.89,60,1.96,31.07,67.6,55.72,60.65,63.83,55,4.99,0.67,3.62,5.81,3.76,4.67,10.91,10.66,16.02,15.7,4.77
Anantapur,Andhra Pradesh,63.57,922,63.89,59.43,61.07,48.13,29.34,77.84,78.45,51.3,56.31,50,40.46,49.67,46.19,26.45,55.74,33.49,16.51,49.96,66.29,2915,54.68,36.89,24.55,54.09,13.07,8.45,6.84,21.93,46.83,37.93,34.17,92.88,28.55,77.71,10.7,42.51,47.44,50.73,72.18,27,19.85,34.81,55.49,19.86,5.79,60,5.03,78.98,53.22,46.72,47.01,44.37,55,6.13,0,6.21,9.67,5.25,13.47,11.66,18.33,10.99,14.45,4.56
Raipur,Chhattisgarh,75.56,949,61.67,71.29,64.09,56,35.16,70.8,30.25,56.51,58.94,50,73.25,54.19,39.29,51.55,60.54,37.41,16.98,56.85,51.03,2668,59.83,23.53,16.43,65.75,2.34,3.96,1,38.18,44.21,55.12,44.83,56.75,73.94,31.14,6.07,41.86,79.1,35.29,53.07,38.41,19.29,31.07,68.02,30.8,8.89,56.23,3.82,64.83,44.21,40.18,41.35,45.65,48.71,0.12,8.01,16.29,8.04,4.89,15.98,17.32,15.91,19.29,18.64,8.89
Kurnool,Andhra Pradesh,59.97,1021,49.88,43.22,48.09,23.08,38.32,59.29,28.32,45.64,70,50,61.9,55,32.04,28.27,45.56,31.64,20.58,51.78,29.91,1080,58.38,30.74,45.01,49.79,23.12,11.03,5.02,25.48,23.98,42.53,40.2,60.82,48.63,53.24,12.8,29.45,57.84,38.49,67.03,32.2,53.56,27.89,67.25,7.34,6.15,60,2.92,62.44,57.15,44.96,49.2,52.31,55,1.51,2.09,14.81,4.11,7.13,12.4,1.07,0,4.76,24.66,13.5
Mahbubnagar,Andhra Pradesh,55.04,925,43,54.83,39.85,58.68,38.32,87.83,5,41.94,70,50,37.22,55,25.78,46.46,53.81,37.6,11.26,43.7,42.66,2770,29.01,25.29,9.18,46.47,21.7,18.42,8.75,19.53,34.85,37.96,20.29,87.58,95,8.06,5.01,18.89,38.49,54.93,70.26,9.68,37.64,29.96,70,28.73,14.89,60,2.01,62.14,45.91,52.06,54.16,52,55,5.63,7.64,7.21,7.05,7.53,11.02,10.06,12.33,7.45,15.11,5.53
Kheri,Uttar Pradesh,60.56,1022,51.97,58.79,62.71,55.3,18.75,83.09,37.98,40.06,44.44,50,36.62,55,31.36,30.6,41.08,11.67,9.43,50.98,29.52,2303,50.96,35.3,31.66,43.07,22.26,16.24,2.97,52.49,41.99,59.29,40.84,35.47,52.68,39.93,10.82,43.87,56.47,44.82,50.69,30.38,32.03,23.52,69.85,11.17,5.55,60,4.14,62.23,44.44,35.31,46.66,50.52,54.08,3.2,1.25,2.24,9.68,6.32,9.02,6.78,5.41,15.63,16.61,11.31
Kancheepuram,Tamil Nadu,84.49,978,76.62,68.92,79.06,55.17,46.71,66.41,40.45,71.45,55.08,39.49,66.12,55,37.07,54.18,70.77,46.35,33.22,60.76,31.92,3337,57.71,41.47,7.62,74.16,20.75,12.17,4.62,16.19,22.8,91.6,69.3,35.98,63.91,43.42,5.33,47.19,33.8,81.4,72.56,37.57,3,35.19,56.43,21.75,9.62,60,2.13,90.03,58.3,32.69,40.59,50.99,55,1.41,0,17.3,11.43,5.71,10.38,7.34,4.86,16.84,31.2,18.92
Maldah,West Bengal,61.73,928,42.63,53.85,39.67,32.19,5,71.54,59.31,51.15,61.18,50,39.74,55,23.36,29.23,41.28,40.06,19.39,40.67,53.51,2927,45.17,20.12,26.05,62.71,10.38,4.31,1,40.27,35.35,62.35,41.79,41.21,54.76,44.74,10.19,56.16,47.81,76.22,70.38,18.01,3.28,21.88,68.62,9.84,1,60,2.54,71.97,52.18,35.77,39.55,40.72,53.08,4.74,3.04,14.33,6.49,0.31,4.3,5.75,11.28,5.2,14.79,9.93
Saran,Bihar,65.96,975,47.89,59.09,73.77,49.65,56.21,72.4,17.02,63.39,61.98,50,34.61,55,45.59,50.82,39.06,31.13,34.05,40.69,26.34,2695,60.26,39.42,26.91,54.76,27.66,22.18,12.1,40.55,34,50.95,44.03,58.74,53.2,51.93,3.94,39.02,49.96,69.49,53.02,5.97,40.19,7.5,64.15,20.62,8.85,60,0.65,68.91,57.63,55.25,54.16,60.39,55,2.49,0.38,3.28,14.15,5.35,11.89,12.7,11.49,16.49,11.23,6.83
Hyderabad,Andhra Pradesh,83.25,989,64.4,73.98,74.85,59.14,37.26,60.2,14.59,75.81,46.07,49.21,71.09,55,32.79,42.08,49.06,40.87,24.66,51.6,79.37,684,60.57,24.81,20.66,69.3,27.93,17.4,7.02,19.67,57.23,75.9,52.75,58.69,39.56,64.19,7.9,47.28,59.52,69.13,47.18,19.71,40.95,26.07,54.71,3,1,55.8,5.29,61.06,31.73,26.55,27.07,20.01,51.41,6.11,5.21,3.28,4.02,8.34,16.26,0,20.29,8.46,15.14,12.13
Darbhanga,Bihar,56.56,975,33.96,53.24,65.76,43.15,29.77,68.19,54.02,37.59,67.24,50,51.76,55,27.28,54.14,31.12,27.88,5,23.54,28.06,2120,36.69,17.97,14.06,48.74,10.12,3.08,1,37.8,35.74,66.66,60.38,46.93,38.96,66.09,13.29,11.17,35.37,57.34,52.82,27.26,19.61,36.62,62.91,13.64,5.58,60,6.11,90.93,52.37,14.53,31.12,34.55,55,9.97,6.03,18.17,0.77,0.17,6.64,9.31,8.49,14.32,16.6,8.31
West Godavari,Andhra Pradesh,74.63,887,52.78,77.19,50.09,54.16,35.13,64.39,65.13,65,56.74,50,53.8,55,53.23,32.83,60.1,36.57,19.69,43.12,70.38,1698,82.49,43.92,21.69,72.38,23.32,13.24,2.98,18.17,46.86,39.34,22.06,51.99,22.77,71.99,8.46,40.07,52.4,78.49,67.03,32.11,30.39,32.9,66.55,19.85,6.91,60,3.42,77.64,21.1,71.96,45.95,45.97,49.44,4.79,6.79,6.46,1.36,1.05,11.09,0.89,10.63,8.54,8.67,18.11
Vellore,Tamil Nadu,79.17,921,59.62,78.83,52.8,60.48,59.69,73.05,13.58,54.69,46.71,50,42.79,55,39.31,31.35,49.03,44.66,27.3,46.01,31.08,2427,56.42,26.42,23.2,60.14,26.75,21.23,7.69,44.39,37.76,73.24,71.99,47.21,71.82,23.58,12.73,34.45,59.19,49.71,63.86,18.75,29.39,48.77,70,33.04,11.43,55.42,2.03,79.84,39.32,33.79,35.21,35.89,44.4,4.3,3.07,6.55,6.96,9.48,10.48,6.54,21.2,20.31,6.1,4.95
Pashchim Champaran,Bihar,55.7,940,55.52,40.94,49.72,53.46,5,69.14,66.63,47.91,57.62,50,26.69,55,40.58,44.84,30.87,34.4,24.23,33.92,45.73,1826,60.55,30.41,41.48,58.95,13.3,1,1,11.33,30.65,54.87,57.39,48.16,54.36,56.88,7.89,38.31,16.84,90,85.91,2,32.37,23.96,68.15,3,1.28,60,4.87,69.17,53.67,46.9,46.22,50.91,55,10.29,8.14,5.6,7.05,0.51,12.56,8.93,11.9,10.59,7.03,12.82
Kolhapur,Maharashtra,81.51,947,68.76,77.71,73.01,62.74,43.66,58.48,45.75,60.15,46.61,48.25,58.13,55,37.74,41.81,65.12,20.55,10.27,72.68,54.9,1952,67.91,33.4,9.53,72.65,15.04,8,13.03,28.89,56.15,74.09,54.81,42.63,95,5,5.98,43.25,48.52,38.04,59.49,9.68,24.79,25.07,70,18.98,9.62,60,4.18,80,73.2,64.76,65.9,68.22,47.37,8.93,1.22,10.78,7.5,4.69,8.32,7.97,9.92,16.39,20.4,5.25
Jalpaiguri,West Bengal,73.25,975,61.87,75.23,80.58,40.78,37.36,99,66.84,49.08,58.39,50,46.28,55,27.67,43.86,55.89,49.46,21.58,49.7,54,2613,58.06,24.07,13.33,62.49,23.34,20.52,1,30.45,39.51,65.05,57.96,42.79,39.61,54.9,8.69,47.59,38.93,34.68,51.66,29.32,41.42,24.2,66.39,14.85,11.27,56.11,2.11,70.9,63.05,26.99,49.66,45.67,55,9.19,4.4,2,4.33,3.35,3.46,13.41,18.14,12.78,17.61,14.23
Rajkot,Gujarat,80.96,957,74.23,75.57,74.68,70.3,36.77,93.03,43.6,66.06,57.41,49.47,53.26,55,25.39,44.71,67.25,42,16.44,59.09,60.19,1811,73.35,47.19,23.42,78.52,2.9,1.04,1,55.03,46.62,56.8,39.4,17.98,88.57,11.65,10.47,64.59,58.05,29.89,74.86,48.89,45.49,17.68,61.59,3.67,3.12,57.3,5.3,59.43,56.35,26.97,40.59,48.73,42.08,0,3.58,10.19,15.9,9.3,5.4,16.25,16.18,15.01,15.39,10.51
Sultanpur,Uttar Pradesh,69.27,897,55.58,69.98,57.6,64.9,62.46,68.65,5,32.48,66.97,44.61,58.71,55,53.85,25.81,55.15,62.83,32.47,51.22,35.59,2309,69.57,36.8,16.93,49.42,7.11,5.99,2.92,37.52,19.67,77.49,66.22,53.53,90.3,9.92,1,24.51,59.95,33.02,50.3,24.74,16.57,21.32,70,10,10.83,60,2.15,70.54,49.35,39.88,43.39,39.76,54.54,4.21,9.92,1.97,13.04,5.91,0,19.79,13.6,12.88,19.2,17.69
Karimnagar,Andhra Pradesh,64.15,965,57.02,71.82,46.43,76.43,20.18,81.27,41.96,35.52,56.57,50,52.24,55,21.64,37.57,39.17,22.78,9.21,60.78,22.78,833,45.36,26.56,18.8,58.7,8.1,10.7,1,52.19,34.46,54.36,39.36,18.89,84.99,12.31,10.09,43.3,37.75,25.67,53.14,40.75,13.28,14.53,70,15.23,6.69,60,0.43,95,51.24,65.38,53.75,53.08,55,3.71,7.62,2,2.42,7.37,14.88,9.96,18.54,15.08,15.87,12.32
Thiruvallur,Tamil Nadu,84.03,974,66.99,82.79,81.92,47.59,56.99,83.01,66.2,65.01,52.42,44.95,72.6,55,55.18,65.6,60.38,36.61,12.89,53.07,49.81,1451,67.34,38.35,32.84,74.87,2,5.76,1.55,44.98,22.07,56,31.72,73.01,66.23,36.85,4.24,48.5,41.93,58.85,53.33,12.32,18.85,2,54.35,22.74,14.45,60,2.87,68.06,74.59,49.65,60.73,64.28,45.2,2.7,4.1,2.17,6.59,5.17,12.99,15.81,5.51,14.81,18.53,14.9
Aurangabad,Maharashtra,79.02,972,66.92,72.86,56.72,57.74,47.76,92.29,27.13,62.83,62.21,50,45.41,55,31.46,59.45,57.61,42.08,19.39,53.09,50.09,2790,73.94,41.1,2,59.68,28.85,16.55,6.9,44.87,37.27,64.53,20.13,46.8,55.91,48.6,3.25,61.94,51.73,70.37,20.04,17.23,30.68,20.04,64.93,19.7,9.19,57.31,5.17,84.05,38.4,49.87,47.02,49.92,55,10.21,4.6,2.36,7.2,10.99,10.93,17.32,9.51,21.54,15.72,8.09
Jodhpur,Rajasthan,65.94,993,48.63,66.66,74.15,25.34,53.49,68.18,37.24,48.09,70,50,42.73,55,52.08,42.35,38.67,42.93,31.03,45.1,33.9,1093,58.35,32.83,12.82,59.73,2,1,6.82,29.03,37.03,62.94,45.06,55.61,84.97,14.94,10.15,41.16,33.14,55.61,73.5,2,34.98,27.28,70,8.5,4.12,60,3.21,82.87,44.12,45.27,46.48,50.52,55,3.83,8.61,12.61,9.74,2.77,7.51,7.62,24.99,8.19,17.67,17.11
Bijnor,Uttar Pradesh,68.48,983,31.97,62.65,56.67,53.47,26.08,91.11,41.48,40.57,58.32,50,55.53,55,64.15,54.44,38.47,15.83,22.69,59.3,44.42,3321,67.02,34.42,2,60.47,21.43,18.45,3.02,53.38,46.87,53.8,42.58,50.54,47.75,50.91,13.35,40.98,43.55,30.06,79.1,29.44,41.04,34.57,62.72,4.33,1.23,53.07,0.65,73.44,71,58.99,67.43,71.33,46.37,0.44,1.75,12.61,0.9,6.03,10.19,16.17,0,16.63,17.47,21.53
Budaun,Uttar Pradesh,51.29,968,42.12,46.33,64.24,30.42,14.78,71.43,5,32.05,67.02,50,40.38,55,10,18.06,31.53,20.7,18.46,49.34,34.73,3077,47.72,37.59,5.65,42.17,26.12,21.68,1,28.59,16.22,47.93,46.59,53.12,66.87,33.02,8.87,36.76,34.76,46.55,78.75,14.28,43.6,20.09,70,22.34,9.83,60,2.19,89.85,49.84,72.91,57.76,65.24,55,6.98,0,8.19,0.14,8.77,10.86,0,8.96,12.05,8.89,15.74
Varanasi,Uttar Pradesh,75.6,947,75.93,65.58,70.93,72.15,56.8,61.97,78.43,62.39,56.55,48.75,68.24,55,28.56,41.45,74.51,49.9,40.39,57.67,34.44,1959,78.73,49.39,48.86,71.16,15.06,9.35,1,5,46.06,57.64,43.52,83.27,61.21,36.3,2.58,47.81,54.82,70.15,93.28,32.19,35.07,20.23,56.06,17.44,8.27,57.35,5.39,32.41,84.09,88,82.39,88.47,42.82,5.97,1.1,5.84,2.12,9.45,8.39,11.49,5.9,19.78,19.19,7.33
Alwar,Rajasthan,70.72,884,67.3,74.59,59.6,41.76,43.81,86.69,26.97,59.77,46.07,50,53.71,55,48.17,47.18,46.84,28.98,25.18,61.83,47.17,4899,61.54,33.99,27.18,55.54,11.32,7.09,5.51,31.13,56.52,45.98,42.51,30.97,45.95,45.56,5.32,52.15,49.98,48.85,87.61,18.97,33.21,39.37,60.7,31.89,8.5,59.41,3.55,37.45,65.36,47.63,59.9,58.15,55,2.31,2.76,15.91,13.02,4.2,8.58,18.03,13.43,13.33,10.88,9.85
Aligarh,Uttar Pradesh,67.52,967,65.29,55.04,53.69,30.37,12.34,93.49,55.11,52.26,57.55,50,65.75,55,43.29,38.95,61.22,55.2,39.79,49.04,37.31,3319,59.17,28.97,31.42,59.55,20.33,14.55,6.64,43.16,29.45,42.27,28.07,25.53,67,34.5,6.33,23.53,47,40.63,59.99,49.26,53.08,11.03,63.44,16.18,8.57,60,2.96,90.92,72.32,74.42,75.85,69.25,55,10.07,8.08,12.47,4.38,0,17.55,10.5,16.63,13.8,14.68,5.37
North West Delhi,Delhi,84.45,958,80.7,86.73,66.48,54.4,37.58,99,43.27,76.04,56.78,50,64.52,53.23,55.77,47.71,55.21,41.78,22.37,57.39,42.27,1346,74.36,39.95,19.03,70.73,18.02,18.55,9.32,6.08,27.88,44.61,30.76,60.39,75.35,28.48,8.78,35.76,69.37,27.75,81.64,46.52,30.07,25.04,50.54,28.15,6.81,60,2.74,55.29,30.62,65.99,47.53,50.51,37.63,8.12,7.11,3.11,10.23,3.85,4.75,9.05,19.64,16.79,18.89,10.23
Ghazipur,Uttar Pradesh,71.78,961,59.72,68.1,65.94,30.49,43.86,63.6,70.15,59.19,63.35,50,60.87,55,32.59,28.66,60.55,30.1,19.19,62.03,52.52,2872,59.87,36.27,29.1,56.1,28.04,23.56,11.82,19.07,42.96,72.7,62.96,48.08,45.25,53.98,7.71,55.97,50,47.39,63.54,2,38.26,38.49,63.61,23.35,11.44,60,5.16,66.68,70.89,54.27,65.14,74.26,49.66,8.11,3.87,10.75,9.36,10.23,15.96,9.02,10.54,6.84,12.68,11.9
Bankura,West Bengal,70.26,899,59.67,53.44,61.44,56.69,49.72,86.39,53.12,48.74,55.14,50,45.95,55,62.49,17.18,59.69,47.45,25.11,54.06,32.83,2259,66.51,48.58,2,63.74,2,4.77,1,12.85,24.34,50.96,18.5,65.19,70.28,18.39,9.98,11,42.44,42.35,58.61,32.09,34.48,18.5,67.52,25.57,12.02,56.27,5.03,91.26,42.26,14.64,24.84,21.07,55,7.94,5.4,10.49,6.28,2.71,2.92,17.34,7.46,14.62,14.72,13.46
Kushinagar,Uttar Pradesh,65.25,907,47.76,61.3,51.47,25.02,23.96,73.08,40.3,48.22,63.03,50,45.82,55,37.3,48.96,56.94,56.92,32.4,38.32,33.67,1501,57.36,20.56,32.46,53.8,8.81,1,1.13,49.16,26.06,15,11.35,72.33,21.88,75.26,12,31.39,41.41,53.45,53.67,16.08,27.58,8.6,70,22.46,13.25,60,0.2,67.99,65.74,43.95,51.11,49.47,55,10.36,1.87,12.59,10.31,5.87,19.04,2.04,4.29,28.09,16.09,11.92
Ganjam,Orissa,71.09,992,55.16,49.28,59.55,50.05,5,87.4,27.13,44.2,49.1,50,58.87,55,24.5,45.57,55.09,45.54,27.87,59.74,43.52,1237,66.73,41.98,10.16,48.64,23.62,13.98,6.73,65.11,50.18,58.86,40.95,35.87,43.12,61.41,9.38,36.65,39.35,63.57,60.99,32.76,27.67,47.48,57.99,22.63,6.47,60,4.88,90.34,49.54,44.59,42.21,45.74,55,5.38,10.27,22.75,2.09,4.08,0,8.04,13.29,20.84,8.81,3.78
Warangal,Andhra Pradesh,65.11,948,59.99,62.98,58.11,24.8,41.91,60.35,60.96,49.48,67.97,50,61.71,55,32.77,49.89,61.1,52.68,37.32,43.49,55.56,3095,62.9,43.61,13.62,40.93,18.5,10.91,14.01,31.23,58.33,55.32,52.37,70.07,53.77,39.04,11.59,30.22,34.11,49.92,69.93,8.88,48.51,36.59,62.59,3,1,60,4.03,59.18,58.34,55.74,58.12,62.96,48,1.03,7.64,4.91,5.11,4.78,13.33,14.21,25.76,7.82,13.94,9.62
Birbhum,West Bengal,70.68,977,70.05,69.81,39.65,46.27,19.1,62.85,7.53,63.97,56.81,48.71,56.77,55,24.43,37.16,54.73,60.46,39.66,46.17,44.72,1662,63.51,23.04,26.06,66.39,25.52,23.68,11.7,44.57,26.87,31.48,19.38,37.56,68.43,35.05,6.92,53.66,32.91,58.33,88.72,42.29,28.74,36.96,70,17.1,10.16,56.61,6.19,74.24,38.41,46.84,43.28,49.93,55,5.17,4.16,11.77,0,8.94,7.71,11.59,9.47,3.72,25.21,12.67
Bulandshahar,Uttar Pradesh,68.88,951,55.27,57.85,64.35,64.65,6.07,68.69,57.92,59.03,55.91,50,47.38,51.66,56.98,32.77,66.91,28.38,15.73,57.15,47.67,2108,62.56,32.96,23.8,48.78,20.62,12.21,14.78,44.1,29.03,42.9,36.31,59.49,77.65,20.12,21.18,39.64,57.34,63.5,75.93,37.37,25.06,25.93,60.69,13.69,2.25,58.88,2.86,65.87,29.19,40.99,33.52,41.76,47.88,0,3.78,16.48,7.39,5.76,10.16,15.93,12.57,12.66,9.64,14.13
Ludhiana,Punjab,82.2,951,62.15,74.84,58.63,61.15,5,78.95,23.02,76.09,47.06,44.01,71.31,55,37.29,49.4,42.23,57.36,34.86,56.65,45.75,1371,61.79,25.47,21.02,72.11,16.65,17.09,9.19,62.97,39.93,49.69,44.64,33.26,63.49,36.42,10.21,34.88,44.81,32.86,53.43,8.03,19.68,34.69,65.49,29.17,8.15,60,5.27,87.36,57.26,82.48,67.53,71.85,52.11,1.75,6.1,17.59,3.83,11.13,10.32,13.41,13.82,20.21,21.59,14.04
Vaishali,Bihar,66.6,988,54.96,73.62,46.76,37.99,47.17,70.31,70.05,49.19,59.41,50,24.7,55,42.54,50.21,51.77,20.02,15.48,50.51,39.02,1527,52.21,32.16,3.64,57.05,14.98,6.88,4.99,23.25,30.06,42.72,20.1,60.64,72.2,24.37,10.74,25.36,48.13,88.95,49.34,22.82,35.92,2,60.84,10.99,5.02,60,3.94,61.08,50.59,70.93,68,67.69,55,12.48,3.83,9.9,15.76,7.93,14.03,7.64,10.46,11.79,12.84,11.94
Nalgonda,Andhra Pradesh,64.2,929,59.16,54.24,39.86,44.63,35.45,85.91,48.23,60.34,57,50,30.72,49.83,29.66,35.74,49.56,42.2,30.66,51.56,37.93,2086,61.32,30.86,21.2,51.62,41.25,24.36,10.36,31.04,58.51,64.86,47.53,57.58,59.11,35.21,15.03,35.35,40.89,41.65,73.53,26.95,22.83,21.75,70,16.76,6.56,60,0.77,50.54,41.59,17.63,28.83,26.69,55,1.6,0,2.46,7.23,5.39,1.19,12.91,21.54,21,18.75,8.68
Bahraich,Uttar Pradesh,49.36,954,27.58,37.01,30,34.73,21.23,90.32,57.88,35.41,70,50,41.37,55,19.76,39.24,27.72,28.82,5.14,26.72,33.14,2549,53.35,28.3,31.53,57.61,33.35,24.08,12.48,28.87,20.78,40.36,26.82,35.94,69.29,37.88,8.35,39.72,36.92,64.3,78.54,33.63,34.65,38.37,70,25.41,10.63,51.87,5.04,57.99,29.77,45.5,41.8,41.72,55,1.3,8.6,0.03,10.28,4.72,10.85,3.4,20.26,4.98,6.25,8.49
Salem,Tamil Nadu,72.86,932,36.68,75.95,48.8,55.73,59.55,85.19,46.64,68.7,52.33,49.33,51.14,55,17.15,31.64,58.15,56.35,25.19,54.85,40.16,200,46.41,22.24,13.61,63.37,22.96,22.76,7.79,36.36,35.42,49.95,45.03,30.83,68.33,35.75,5.42,37.26,59.33,34.55,83.41,24.86,32.49,10.25,42.37,21.41,10.18,59.85,4.62,58.65,15,60.09,37.11,43.09,55,8.68,7.51,13.13,9.61,6,11.93,0,17.91,14.24,14.6,21.27
Saharanpur,Uttar Pradesh,70.49,933,52.36,77.18,53.73,35.67,46.85,97.43,9.95,54.74,70,50,55.4,55,45.95,40.36,35.92,54.31,41.44,62.84,58.37,2215,55.37,36.21,35.78,65.96,18.78,11.15,6.2,80,58.16,67.24,55.83,73.01,52.84,50.38,13.23,32.99,48.49,56.98,60.97,34.44,24.02,23,70,20.34,9.77,60,1.7,55.29,62.85,71.29,65.57,66.85,49.61,9.45,5.12,10.71,6.69,1.3,7.69,6.94,18.76,12.15,25.15,15.4
Viluppuram,Tamil Nadu,71.88,938,46.7,64.72,81.25,56.24,62.37,82.99,27.79,61.76,70,50,50.96,55,55.12,42.29,45.18,47.78,28.18,40.75,38.65,1528,61.29,35.54,9.53,63.38,23.38,2.38,7.35,35.55,46.45,60.48,43.49,48.94,55.6,48.94,13.46,26.85,38.12,57.64,72.04,24.15,10.46,30.84,70,27.87,10.91,57.73,3.58,54.67,51.17,43.28,51.47,57.89,46.72,0,2.74,9.64,10.97,1.83,10.44,10.4,8.89,16.6,13.51,12.24
Coimbatore,Tamil Nadu,83.98,959,62.9,82.66,64.33,31.74,24.5,63.4,58.45,78.18,40.7,50,64.5,55,35.2,65.1,39.6,50.57,26.95,63.29,29.9,3462,64.35,37.24,20.08,69.53,26.27,9.25,1,19.62,58.02,40.3,21.85,78.24,72.8,29.71,8.61,44.76,47.15,84.86,77.84,32.34,15.59,17.59,55.54,21.08,8.58,60,7.22,81.83,45.94,46.55,48.61,44.94,52.41,7,4.03,10.41,7.13,7.27,7.68,5.94,6.11,19.12,19.96,15.51
Meerut,Uttar Pradesh,72.84,931,58.15,74.95,64.12,44.69,38.19,94.36,48.33,55.37,56.99,50,42.84,55,21.52,46.2,67.93,47.52,26.4,42.69,76.62,4848,55.33,31.72,38.42,61.76,22.19,15.91,12.81,14.22,29.19,47.66,44.05,47.13,94.62,10.1,15.04,39.42,56.38,50.81,44.73,8.59,17.79,27.09,66.35,14.64,5.66,52.55,2.03,86.12,58.19,51.52,54.78,58.67,55,3.81,0,13.89,8.9,7.76,13.77,10.87,8.94,19.05,17.54,11.23
Gonda,Uttar Pradesh,58.71,1000,44.5,47.64,57.17,36.21,5.98,70.74,68.62,46.65,58.27,50,46.8,55,41.93,56.18,40.85,35.1,18.95,51.31,31.3,1877,53.7,34.11,11.82,61.57,10.49,1,3.47,57.55,25.93,51.15,37.82,84.04,83.72,12.96,7.67,20.97,46.25,78.39,69.17,24.69,15.94,31.63,63.93,8.63,3.56,56.08,4.45,70.88,70.22,60.59,68.81,69.25,47.28,7.32,0.68,11.73,16.43,1.03,12.82,10.29,14.68,9.95,1.6,9.09
Sitamarhi,Bihar,52.05,914,58.56,43.45,50.14,42.77,22.79,88.93,53.07,49.55,65.5,50,46.38,55,10,15.06,60.5,30.29,22.64,46.55,46.99,650,56.89,29.19,32.65,52.95,35.85,18.97,6.89,19.53,16.15,32.42,11.37,39.03,41.68,65.21,11.73,39.18,47.65,60.23,78.57,38.8,36.37,30.62,70,22.89,4.99,60,0.81,55.29,59.04,25.43,49.8,54.38,52.63,4.79,9.3,10.93,7.77,7.58,12.08,0.7,11.05,15.66,12.64,11.61
Rae Bareli,Uttar Pradesh,67.25,943,58.7,69.14,57.94,47.3,31.62,96.88,25.67,51.1,70,50,59.28,55,51.62,41.91,56.74,55.94,24.7,43.53,57.21,2305,40.91,36.11,43.7,72.78,20.46,13.36,9.09,46.94,46.6,76.34,45,87.45,41.74,64.7,14.06,53.72,42.88,88.34,72.66,41.93,59.81,22.19,70,12.84,7.41,60,1.86,56.24,48.35,17.75,30.85,31.37,55,0.54,5.55,6.03,4.89,4.47,14.31,7.3,16.41,13.83,7.26,7.69
Prakasam,Andhra Pradesh,63.08,932,55.31,68.57,44.05,30.1,42.25,83.48,29.08,38.05,59.08,50,64.29,55,23.84,40,50.48,55.29,33.37,66.25,49.19,2015,52.25,18.86,22.05,55.39,38.14,12.54,9.93,22.77,49.4,51.05,41.79,61.49,52.36,49.54,8.39,32.08,29.43,22.96,63.79,27.08,22.85,17.05,50.89,17.07,9.98,60,4.62,33.91,86.99,70.07,79.95,87.14,55,4.07,0,14.2,4.17,2.51,17.24,14.71,13.65,18.15,15.78,8.94
Nanded,Maharashtra,75.45,1008,67.81,71.85,78.55,42.97,40.95,60.05,47.06,76.28,58.33,50,55.26,55,28.26,52.71,48.18,41.03,26.59,63.88,42.89,3974,67.84,23.5,13.68,57.12,19.87,11.02,9.2,12.2,34.3,47.46,25.39,66,63.78,34.78,9.83,40.31,54.02,63.68,95,23.81,24.62,31.75,58.27,27.63,12.96,60,3.51,70.7,45.46,34.16,38.58,38.77,55,8.5,1.52,6.11,6.67,4.06,6.04,12.43,4.96,21.08,15.68,5.84
Durg,Chhattisgarh,79.06,958,52.91,65,84.46,57.33,51.79,66.98,5,58.44,57.98,50,58.08,53.02,46.46,37.68,45.93,47.38,31.6,62.41,50.88,3700,73.44,25.92,10.73,63.68,15.54,4.28,8.97,45.89,39.11,45.01,48.63,37.92,62.87,31.01,12.1,24.95,53.11,10,93.96,41.42,21.82,31.07,66.84,17.23,8.57,56.93,2.6,54.76,33.86,83.96,56.11,58.81,47.47,13.77,0,13.84,7.47,7.66,22.11,6.52,20.44,14.32,10.24,14.96
Siwan,Bihar,69.45,991,67.48,76.41,43.32,47.82,47.22,93.87,78.47,55.3,48.32,50,33.38,55,25.74,61.88,55.37,40.7,26.2,55.12,26.38,2979,61.59,17.24,35.66,49.53,31.84,13.2,15.22,23.65,34.35,64.33,40.75,72.58,84.33,16.81,6.54,43.02,49.04,53.95,65.14,23.79,42.01,30.48,70,15.45,3.21,58.69,6.4,87.07,56.5,36.18,43.45,48.85,55,7.56,1.66,7.04,7.24,6.83,12.97,13.09,9.93,9.13,7.94,14.7
Nagaur,Rajasthan,62.8,891,51.34,52.8,45.58,38.17,65,75.97,53.83,57.63,53.77,50,38.65,55,26.05,37.84,45.1,17.06,14.36,53.8,61.56,1672,67.47,42.49,35.32,59.52,21.01,9.65,6.71,42.66,15.97,41.77,31.32,73.28,85.31,23.11,4.74,36.95,29.44,73.38,62.15,38.73,35.97,28.37,57.54,16.76,2.46,60,1.16,44.33,51.17,47.04,53.88,56.17,55,4.44,3.5,11.95,0.67,5.89,8.49,18.78,17.72,12.32,12.2,11.83
Thiruvananthapuram,Kerala,93.02,961,81.47,81.37,72.66,60.31,46.08,78.95,69.54,69.2,32.13,50,63.18,55,55.41,42.77,52.07,47.47,23.9,55.16,45.59,2810,79.3,48.03,37.39,74.38,19.33,7.22,5.11,43.99,43.08,70.72,54.31,51.51,62.1,32.1,13.33,40.16,50.46,81.02,75.5,23.72,29.77,31.08,48.38,16.98,9.28,45.52,2.71,56.11,69.21,55.9,57.08,60.17,42,1.28,8.8,17.82,0,6.14,22.5,7.88,7.91,21.7,31.01,13.02
Ernakulam,Kerala,95.89,986,66.2,88.7,67.68,74.08,38.42,87.11,13.39,68.44,33.61,50,77.63,42.6,23.59,57.34,52.16,72.14,35.75,69.07,54.49,2439,92,60.26,19.61,57.06,6,6.25,1,44.83,62.02,53.92,34.6,15.32,57.9,47.19,9.23,36.35,48.77,68.3,64.14,25.48,13.02,37.52,47.41,11.07,4.51,55.58,3.98,63.57,47.11,15.89,33.02,37.71,53.04,5.37,6.36,12.3,3.13,1.58,8.92,13.71,7.71,9.73,27.29,14.21
Indore,Madhya Pradesh,80.87,953,50.11,83.66,72.63,51.43,47.21,86.36,69.89,65.77,22.98,41.28,50.5,52.85,64.19,44.76,47.98,36.44,41.52,60.44,49.71,2417,63.57,26.51,32.45,88.45,24.6,21.97,5.72,30.17,33.97,60.32,27.32,35.73,71.3,26.34,5.98,61.14,55.39,49.77,84.07,11.74,16.45,30.72,54.34,32.42,13.48,56.11,1.26,71.98,52.52,88,67.78,70.86,51.42,4.49,3.09,16.08,7.23,6.64,4.94,12.92,7.43,12.08,17.97,12.72
Purnia,Bihar,51.08,993,51.49,51.95,40.92,34.88,13.61,81.35,89.63,24.07,70,50,43.72,55,28.62,64.05,56.41,55.91,31.14,31.75,29.36,798,43.88,30.1,19.41,38.85,13.07,6.67,4.51,47.35,29.21,35.46,28.12,35.73,81.14,16.93,8.38,31.05,42.32,64.81,45.99,10.01,32.45,28.17,70,14.61,6.49,60,4.02,92.04,42.01,43.68,48.16,44.23,48.12,7.22,3.24,7.14,7.25,3.63,8.45,7.61,4.41,12.61,12.79,12.04
Barabanki,Uttar Pradesh,61.75,929,55.08,58.48,76.79,64.92,54.28,75.5,18.58,45.18,70,50,43.21,55,18.45,49.65,67.27,49.94,28.49,47.87,29.17,3156,42.79,23.99,9.4,47.87,13.52,5.81,3.89,18.39,18.27,45.18,27.86,66.99,71.94,22.18,10.03,19.92,42.35,90,61.39,36.74,33.13,20.68,57.7,25.28,10.88,43.59,5.15,44.44,67.11,36.58,51.03,51.3,55,5.76,1.6,9.48,8.82,11.06,8.21,4.34,4.55,0,15.36,13.41
Ballia,Uttar Pradesh,70.94,1006,49.18,67.09,73.02,35.42,33.32,74.25,60.43,57.26,58.91,50,47.89,55,26.81,43.16,53.16,45.29,32.6,61.97,59.3,2297,67.51,38.46,33.49,73.67,13.09,6.44,1.28,5,37.29,44.46,34.28,48.7,54.23,42.01,1.72,45.06,56.6,56.36,75.28,45.67,29.77,43.63,62.49,10.85,6.28,60,2.77,60.47,57.15,31.34,43.15,37.61,50.62,7.92,7.27,7.23,8.45,3.86,16.42,18.25,15.28,7.6,11.52,4.9
Pratapgarh,Uttar Pradesh,70.09,1042,48.87,63.39,62.68,30.54,28.57,88.29,45.02,52.42,43.78,50,51.55,55,50.45,40.71,52.05,46.78,40.84,44.85,53.46,2109,58.61,37.24,39.61,49.91,22.39,9.01,3.26,47.72,31.79,65.86,48.42,49.09,50.98,52.25,10.86,37.19,61.45,72.3,80.06,26.27,39.31,13.52,57.47,23.4,9.07,60,1.63,43.58,50.87,55.79,58.04,59.94,55,4.56,7.63,0.7,5,11.68,10.44,15.44,7.43,9.55,10.55,7
Thrissur,Kerala,95.08,935,87.56,89.48,87.07,74.39,44.98,84.64,14.11,63.47,36.52,45.6,62.64,47.06,59.51,68.46,63.44,41.53,20.56,66.01,60.91,1660,83.68,39.97,7.75,89.91,2.65,1,1,37.98,37.63,61.4,48.16,46.67,42.01,61.85,9.63,45.64,61.32,47.27,42.79,23.01,12.88,24.57,51.91,20.35,2.42,51.49,2.38,76.85,52.75,54.65,56.33,61.03,36.09,12.84,0,14.34,2.92,4.52,11.5,8.61,15.08,16.7,23.27,16
Banaskantha,Gujarat,65.32,932,42.1,41.08,68.52,38.94,44.97,74.91,54.86,63.28,56.22,50,41.43,55,52.57,51.18,38.11,34.48,12.7,37.52,34.4,1486,53.02,49.86,7.53,50.82,15.89,2.1,3.82,24.02,45.41,49.2,49.39,87.39,65.48,35.7,14.62,44.18,51.1,74.27,50.69,37.27,34.25,20.89,61.7,19.2,9.75,55.27,0,55.3,54.68,31.88,44.94,47.69,53.27,8.34,0,11.84,9.08,4.72,11.32,16.07,13.61,10.15,10.06,4.44
Unnao,Uttar Pradesh,66.37,1008,71.2,57.66,52.5,43.28,32.46,90.99,61.67,52.24,50,50,29.41,55,28.31,10,61.89,55.48,23.35,28.59,52.59,2486,61.11,44.27,20.48,45.82,27.8,11.42,5.16,8.52,46.66,50.36,33.4,58.91,73.22,24.28,7.12,10,39.45,71.31,39.86,29.05,33.47,5.07,65.46,20.4,9.89,51.85,5.01,63.45,33.44,28.05,33.16,40.4,55,3.17,3.04,11.49,7.9,4.12,16.83,12.77,18.28,10.43,20.48,13.63
Deoria,Uttar Pradesh,71.13,1013,49.34,65.71,53.07,41.98,28.05,76.45,32.98,66.91,65.92,50,47.31,55,42.68,50.39,69.97,33.19,32.66,57.58,37.1,626,63.64,30.75,31.47,74.11,5.54,11.76,5.26,5,27.49,73.47,51.35,61.95,75.23,19.25,13.51,13.19,39.75,44.01,51.9,2,16.59,31.25,56.14,22.33,5.05,60,3.53,62.42,72.44,66.88,66.41,74.86,55,10,3.41,15.16,2.63,1.23,9.39,16.03,6.89,6.15,7.46,9.57
Kozhikode,Kerala,95.08,929,82.69,77.51,77.58,63.96,77.03,67.78,68.32,73.74,51.05,41,61.76,44.85,57.41,57.38,57.87,65.27,30.86,66.3,75.89,2911,72.86,31.35,6.39,88.2,19.73,9.37,13.99,35.93,49.7,77.98,45.16,45.61,82.73,17.58,7.82,61.48,67.88,68.99,45.84,36.92,21.53,24.56,60.08,17.18,3.37,54.15,2.65,66.74,71.56,39.51,57.76,61.67,55,1.38,4.78,3.32,9.5,8.98,9.97,1.04,19.37,25.96,14.51,17.09
Mumbai City,Maharashtra,89.21,933,68.62,82.99,81.6,78.43,35.68,68.89,11.66,63.79,34.92,46.13,57.29,52.11,57.41,37.79,62.16,33.08,19.63,62.92,54.86,1251,68.33,36.88,22.72,83.19,11.69,1,7.94,64.68,49.6,73.55,53.6,57.41,88.65,9.53,8.56,40.92,46.4,69.85,73.09,8.96,39.7,27.38,52.79,17.58,9.68,56.64,0,62.66,55.61,22.46,38.44,30.79,48.41,2.58,0,2.12,10.83,5.29,7.56,7.96,7.56,13.02,24.92,13.52
Tirunelveli,Tamil Nadu,82.5,939,72.91,72.82,70.02,65.77,45.03,66.26,15.1,67.28,57.75,50,61.92,48.29,58.9,60.06,54.13,31.87,11.3,47.88,64.26,347,69.9,39.9,12.91,73.07,13.96,6.14,2.01,32.51,23.6,41.44,34.36,38.49,37.25,63.81,9.12,34.53,59.1,68.32,68.44,24.86,14.06,24.85,58.86,23.62,12.81,57.06,5.22,50.42,54.01,47.63,51.9,57.18,53.92,2.8,1.85,15.21,10.16,6.88,8.9,17.87,0,5.33,15.07,11.98
Katihar,Bihar,52.24,896,38.74,59.3,33.19,45.19,36.13,74.73,47.73,37.68,70,50,43.15,55,20.12,58.3,34.75,53.94,20.78,34.71,29.98,3840,49.68,35.85,28.41,49.2,34.55,14.51,11.89,28.5,11.97,35.86,23.03,64.87,69.29,29.1,16.37,10.89,55.7,54.26,62.69,19.7,64.49,36.04,70,9.86,1,60,2.12,66.27,40.05,43.57,43.26,42.34,55,11.31,3.75,8.65,10.86,9.85,13.63,23.26,14.14,15.08,9.84,3.49
Udaipur,Rajasthan,61.82,913,49.74,66.65,47.15,29.11,7.62,92.8,45.51,38.12,70,50,45.6,55,32.63,43.77,57.04,35.77,19.12,54.24,37.95,1428,67.45,27.75,10.43,42.69,2,1.6,6.86,34.56,49.44,63.26,50.78,35.07,69.91,28.61,3.04,33.29,49.35,77.12,65.39,17.31,37.78,37.58,69.15,8.63,4.77,60,4.13,53.08,80.91,81.2,77.72,85.13,50.26,5.28,1.66,10.07,4,4.61,14.64,8.05,7.75,7.25,15.59,7.08
Madurai,Tamil Nadu,83.45,910,68,71.84,68.5,46.9,52.27,68.34,30.67,77.69,70,50,68.37,55,38.58,63.28,46.12,40.26,16.65,58.42,64.78,1550,73.36,42.63,29.26,71.83,25.66,16.44,4.29,74.23,33.12,46.85,33.72,72.88,60.67,40.12,9.98,43.86,51.74,38.17,82.91,25.56,29.2,13.78,58.29,20.43,7.51,54.76,2.98,77.22,77.28,41.65,61.25,65.56,50.87,3.49,6.57,1.66,10.41,4.72,19.5,7.96,22,8.96,22.48,12.06
Bhagalpur,Bihar,63.14,919,42.33,55.77,55.28,15.81,17.06,80.26,61.19,43.69,53.1,50,49.95,55,34.1,59.53,50.71,52.92,26.22,44.49,64.21,3221,61.73,21.72,18.1,46.24,13.22,8.87,7.76,48.53,49.83,50.74,27.64,43.3,47.09,54.67,8.17,48.81,30.01,55.18,49.37,35.72,26.47,48.18,70,3,1.42,60,0,65.86,60.92,45.07,52.44,57.69,55,6.66,9.61,16.36,6.37,5.43,10.48,13.42,14.81,14.76,15.68,8.88
Medak,Andhra Pradesh,61.42,949,58.47,54.76,74.65,34.9,44.19,70.12,55.62,32.48,70,50,40.04,55,42.16,26.89,52.21,50.66,46.44,45.07,55.58,3869,39.3,25.11,8.75,41.1,12.72,8.06,1,18.2,17.64,36,29.5,76.97,88,18.12,7.89,35.27,44.27,57.01,36.05,25.38,41.03,24.12,67,5.54,2.61,60,5.54,49.4,67.3,53.51,56.69,61.53,55,8.17,2.38,12.36,15.18,1.15,9.68,11.72,12.49,8.46,13.72,12.11
Uttar Dinajpur,West Bengal,59.07,959,44.17,50,39.54,50.92,16,74.88,62.16,55.83,61.02,50,36.72,55,12.64,13.15,41.97,45.58,30.75,28.99,45.97,820,66.31,35.61,20.76,53.5,6.88,2.61,9.14,35.51,40.39,35.91,25.29,95,51.41,46.91,10.33,26.18,51.67,76.08,75.66,41.92,24.24,34.05,64.71,33.44,11.09,60,5.16,95,73.46,40.87,56.73,69.13,55,12.36,6.67,6.12,10.58,0,12.99,12.67,14.21,11.48,15.82,6.29
Shahjahanpur,Uttar Pradesh,59.54,1012,47.37,54.95,58.76,46.85,41.12,59.88,42.54,41.57,58.35,50,44.81,50.46,46.06,43.61,52.63,27.93,24.21,47.93,42.8,1339,55.45,45.99,2,59.87,25.54,9.32,7.22,40.98,29.01,67.92,51.92,58.02,22.53,80,12.42,34.87,40,37.6,59.14,43.41,24.82,29.16,70,31.4,14.52,58.17,4.53,89.88,70.41,57.06,63.8,69.07,55,0.01,2.93,19.43,8.72,0.49,8.66,0,10.02,7.55,13.95,8.81
Satara,Maharashtra,82.87,910,57.21,69.28,83.76,55.79,61.31,75.35,57.05,60.58,53.55,50,63.75,55,31.91,46.75,60.34,42.99,32.39,45.46,43.64,1406,70.04,26.15,13.29,67.37,16.09,10.09,14.55,15.99,43.53,69.21,47.37,84.23,62.36,46.66,10.13,53.12,62.51,59.34,49.72,43.3,50.34,28.27,53.66,14.43,3.71,42.07,3.63,95,42.16,33.73,39.73,36.6,50.29,11.05,1.21,2.18,13.87,8.72,7.8,8.81,23.11,12.6,22,18.45
Mysore,Karnataka,72.79,989,33.97,57.6,85.03,50.73,51.6,75.68,36.09,42.75,50.51,50,64.93,55,36.35,27.18,64.48,45.13,26.27,41.56,47.22,3041,60.55,44.27,24.05,60.18,14.82,14.73,12.1,48.66,62.31,66.83,44.88,73.03,57.72,45.14,12.94,46.27,51.41,46.14,73.31,24.33,23.4,33.68,63.01,26.99,13.04,50.61,0.61,59.86,50.33,46.17,41.09,47.43,53.88,0,1.86,7.35,4.97,4.02,12.62,14.03,9.71,8.14,28.84,14.2
Begusarai,Bihar,63.87,941,50.99,61.84,52.47,37.82,37.09,84.48,86.08,63.22,65.67,50,56.62,40.37,50.06,37.38,31.29,45.27,23.64,34.22,27.37,3675,45.43,11.36,2,45.18,19.1,21.48,6.26,20.28,20.08,59.53,45.91,29.34,95,10.82,7,39.28,46.65,56.97,35.49,19.26,31.91,42.82,59.65,27.27,13.82,60,4.74,52.47,62.02,56.51,60.43,61.73,47.23,9.63,6.31,13.93,9.2,7.35,9.04,0,15.78,5.43,15.3,10
Sri Potti Sriramulu Nellore,Andhra Pradesh,68.9,948,80.8,66.42,64.7,50.28,32.87,80.68,28.75,43.25,45.46,50,42.82,55,41.83,50.07,46.3,33.35,22,46.48,45.85,1228,51.99,17.98,2,58.62,16.3,9.41,2.83,7.8,45.03,51.22,36.57,60.22,70.81,26.09,7.81,37.23,42.84,62.06,52.14,24.6,19.36,36.32,70,22.77,6.49,60,7.41,77.1,58.05,68.2,61.59,70.05,55,10.65,2.08,14.77,15.94,4.22,9.55,1.91,8.09,29.76,9.48,4.5
Rohtas,Bihar,73.37,977,67.87,60.4,68.39,59.02,30.38,63.62,87.11,57.83,53.59,50,50.34,55,44.43,42.23,51.97,43.73,27.59,47.83,49.3,3473,77.65,29.29,2,68.45,2,1,1.48,36.37,47,47.05,49.08,68.02,56.51,39.89,4,28.84,33.46,31.99,29.17,38.5,33.63,24.08,57.07,18.37,4.8,49.19,3.23,81.62,66.3,40.62,55.89,64.86,51.65,10.86,2.66,1.53,10.25,0.27,14.03,1.13,13.01,9.07,19.87,5.51
Puruliya,West Bengal,64.48,905,53.17,64.3,58.87,28.98,55.75,91.01,45.7,57.11,70,50,51.85,55,21.3,29.25,20.19,40.45,19.72,45.12,15.16,1562,46.9,27.8,35.93,61.14,13.09,11.01,3.86,33.52,75.72,45.64,40.62,69.95,58.46,40.74,15.93,19.69,39.76,77.75,68.89,37.78,38.13,25.99,70,24.01,9.94,60,3.27,67.95,64.66,40.43,52.54,57.65,55,8.28,0.57,7.58,7.61,7.6,12.55,13.25,5.58,4.29,12.16,12.22
Ranchi,Jharkhand,76.06,965,59.42,64.03,63.45,56.24,30.14,80.52,17.49,63.02,53.79,50,63.92,55,29.3,42.95,43.58,58.47,36.12,44.19,46.1,2503,56.58,21.73,19.08,69.01,26.95,24.98,7.83,34.98,28.91,54.53,45.26,61.56,58.25,41.49,7.25,22.65,44.9,62.7,88.61,2,53.56,20.24,61.48,25.38,14.66,58.18,0.8,33.44,58.7,74.66,65.68,63.85,48.59,1.74,5.9,12.73,5.92,2.33,21,5.35,14.37,19.34,16.9,14.37
Amravati,Maharashtra,87.38,957,70.76,80.41,76.16,70.49,31.87,80.38,72.36,68.8,48.99,37.98,70.56,55,59.35,52.19,53.66,57.74,28.99,71.22,57.41,1056,68.66,26.98,13.61,69.33,2.93,1,1,21.24,40.55,84.37,61.86,61.31,95,10.35,6.81,46.43,60.08,39.55,56.4,28.67,16.88,35.58,63.16,24.14,7.88,60,0,50.28,15.94,41.17,28.02,27.58,55,8.99,5.37,16.37,3.13,6.74,15.61,4,13.39,17.06,19.31,5.33
YSR,Andhra Pradesh,67.3,970,60.95,66.31,33.42,42.96,45.36,77.89,47.52,38.59,64.37,50,46.47,55,29.95,17.23,58.23,20.57,10.97,55.45,39.38,2090,47.62,27.81,31.34,52,7.1,8.08,1,23.75,46.81,35.98,10.78,58.1,74.16,22.19,10.43,39.25,45.13,48.86,53.13,2,9.73,34.08,60.21,6.61,1.43,60,2.28,71.34,72.59,49.09,61.84,70.3,55,1.73,8.37,15.94,5.84,7.77,7.16,10.27,16.29,12.2,10.55,12.89
Bhavnagar,Gujarat,75.52,962,49.83,67.73,70.91,59.87,28.37,71.79,62.02,52.71,66.39,50,40.32,55,35.6,43.6,47.02,40.2,21.44,51.13,49.61,2100,64.31,38.98,15.15,70.56,13.73,4.81,1,55.31,39.13,49.89,30.96,60.66,36.67,62.89,12.43,49.85,59.82,81.9,91.77,24.77,26.26,22.89,46.51,35.26,15.07,60,5.96,55.1,67.59,77.4,75.22,86.98,54.03,2.25,5.79,12.5,3.72,4.87,9,3.8,15.81,11.15,13.25,9.08
Nalanda,Bihar,64.43,1048,64.47,61.17,58.14,73.25,19.41,80.61,69.48,51.27,44.79,50,35.11,55,47,22.53,38.7,26.07,5.49,40.32,22.56,1916,63.48,35.23,23.22,61.26,10.74,8.63,5.97,42.94,29.88,39.48,24.43,33.53,57.6,47.77,5.23,38.8,46.81,62.49,74.41,18.65,21.36,42.92,54.59,38.23,17.26,56.55,5.69,44.52,86.04,51.08,65.89,69.43,47.66,4.17,5.24,9.45,6.08,6.42,4.14,12.26,13.17,9.56,1.34,8.04
Nagaon,Assam,72.37,924,66.43,61.52,59.82,49.62,16.77,83.71,51.76,50.22,62.42,50,53.39,55,27.2,51.33,60.22,48,9.99,44.87,34.11,2546,56.63,29.85,20.31,60.14,17.72,16.37,10.17,17.78,51.29,67.48,48.41,53.28,61.57,39.51,12.75,48.01,42.52,37.63,95,14.96,29.78,39.89,70,3.73,3.07,47.53,2.87,61.14,47.84,46.04,45.91,47.11,55,4.54,5.75,8.1,6.56,0.73,6.14,22.07,25.24,11.54,13.97,14.41
Sangli,Maharashtra,81.48,929,73.29,71.96,88.43,60.97,36.64,57.04,33.16,65.88,48.43,50,60.46,55,48.04,30.16,41.78,56.82,26.58,53.93,61.31,1294,58.27,46.68,14.35,65.85,7.07,1,5.44,5,41.62,82.06,61.28,28.94,42.06,57.89,6.79,37.66,43.52,40.9,67.41,35.19,37.31,48.88,54.48,23.09,9.33,60,3.86,20,27.36,47.23,41.7,39.06,55,6.96,3.23,11.49,10.95,13.78,17.31,8.16,12.89,20.35,19.1,15.15
Koch Bihar,West Bengal,74.78,925,65.47,65.86,56.86,44.97,38.63,71.53,64.51,64.02,56.8,50,41.36,55,41.64,57.02,32.89,43.61,40.6,38.34,44.87,1405,65.9,37.41,23.53,72.9,14.12,6.55,6.31,18.54,30.43,59.83,50.12,48.05,29.91,71.28,13.72,45.66,42.62,66.25,68.4,17.23,61.71,17.52,70,35.37,13.23,60,0.56,55.95,52.29,38.15,44.14,41.68,46.41,3.22,4.33,16.17,5.37,6.32,9.61,0.28,13.24,12.22,15.03,10.82
Araria,Bihar,53.53,928,45.34,42.95,45.76,39.28,30.76,74.94,45.02,48.2,70,50,37.92,55,29.41,27.21,36.18,28.55,14.65,27.87,36.2,2594,45.05,31.22,29.28,42.62,17.52,16.16,2.72,37.83,38.16,49.13,39.03,46.18,72.72,21.64,5.84,15.46,40.7,68.41,86.67,24.89,23.68,25.8,62.85,27.02,11.8,60,3.22,58.61,61.85,57.21,60.63,64.59,55,7.32,6.79,7.93,4.61,7.34,4.07,7.74,12.49,15.36,8.41,10.78
Palakkad,Kerala,89.31,925,78.71,79.14,92.97,67.12,62.86,81.07,58.72,61.1,34.47,50,68.83,55,42.9,47.07,48.57,50.49,36.5,71.12,47.03,3408,83.94,47.31,17.78,81.88,24.49,19,9.39,23.63,53.62,65.22,58.19,44.91,47.52,46.76,10.94,41.79,51.46,61.53,62.77,13.81,3,24.64,56.78,27.1,1.24,44.61,1.95,69.66,48.37,35.22,38.09,42.8,49.36,0.51,1.54,7.63,10.55,7.8,1.26,12.45,14.22,15.81,19.75,11.94
Khammam,Andhra Pradesh,64.81,998,59.53,47.49,48.81,47.32,41.79,92.32,5,67.66,50.99,50,33.85,55,28.69,42.42,33.03,39.91,6.95,48.39,39.12,2179,51.45,19.51,14.47,53.99,30.45,24.97,13.83,22.23,31.89,55.9,39.43,36.96,84.48,7.58,8.17,10.24,33.4,49.75,68.71,25.88,26.67,58.24,70,7.49,8.6,60,3.11,73.21,75.58,62.46,63.88,61.12,55,6.16,9.11,14.73,9.79,4.58,3.64,11.95,11.28,10.64,8.25,6.56
Yavatmal,Maharashtra,82.82,1007,63.57,71.1,63.33,47.78,41.83,68.74,53.94,71.54,30.95,50,69.02,55,32.61,39.3,64.57,38.73,15.17,74.32,22.07,2653,68.32,41.98,15.89,62.02,15.38,14.24,3.04,24.4,41.23,69.83,54.43,63.39,62.15,38.88,3.49,40.16,62.34,69.57,28.68,36.52,34.91,27.12,70,25.33,9.57,60,2.45,70.67,45.1,50.24,44.55,50.09,49.8,4.91,5.91,14.31,6.03,5.23,6.99,14.19,10.79,9.8,11.27,17.46
Junagadh,Gujarat,75.8,927,56.11,66.23,62.8,55.12,37.51,72.02,32.23,59.42,49.03,50,49.28,48,47.48,48.82,63.03,28.28,6.13,50.07,55.63,2882,63.23,29.53,2,77.33,36.88,22.27,13.38,33.69,30.71,61.8,49.1,51.64,53.46,51.13,2.34,51.53,50.63,49.39,91.07,14.47,16.43,42.18,59.56,20.91,8.91,53.88,2.41,78.46,53.49,53.77,51.56,59.63,55,10.06,10.06,6.5,9.4,8.25,11.02,7.03,17.51,24.37,17.79,16.67
Adilabad,Andhra Pradesh,61.01,917,51.78,53.12,63.06,57.33,39.26,71.85,78.07,55.57,70,50,55.28,55,25.54,27.82,52.55,10.9,5,39.09,58.3,2947,52.57,28.19,23.4,52.82,16.16,21.5,5.07,49.12,42.26,54.54,42.87,49.59,18.5,80,5.03,31.47,45.2,39.62,70.86,32.68,33.27,39.42,63.8,25.24,16.39,60,4.99,62.48,51.31,77.68,67.61,73.51,52.46,10.46,0.47,2.41,5.95,3.9,9.02,8.6,12.71,11.06,15.11,6.58
South Delhi,Delhi,86.57,969,85.42,76.22,73.35,65.09,66.03,68.38,57.46,87.51,46.85,50,55.26,55,59.24,45.26,72.36,63.49,57.47,56.52,39.16,1342,70.44,41.19,5.49,67.9,26.29,17.77,15.85,34.99,43.29,71.92,64.2,29.85,84,21.72,11.97,50.02,45.73,83.56,63.39,25.68,31.92,25.99,59.52,10.72,2.06,40.85,6.93,43.17,90,26.81,61.85,71.55,41.26,5.32,0.47,0.43,6.15,6.17,14.49,0,19.32,15.58,19.87,10.85
Bhojpur,Bihar,70.47,928,45.46,62.99,47.88,58.95,39.18,73.83,49.8,43.39,44.32,50,39.06,53.8,36.06,47.15,63.22,46.19,31.4,46.14,31,1501,55.46,14.97,27.56,48.77,37.32,8.98,16.47,36.11,29.52,32.42,30.75,52.04,67.28,39.99,1,37.88,36.3,63.8,78.61,25.57,33.64,27.67,57.37,10.43,11.17,60,2.66,65.66,41.41,50.39,40.12,43.55,55,0,5.12,9.65,13.22,6.4,6.32,13.07,1.64,21.98,12.59,14.14
Tiruchirappalli,Tamil Nadu,83.23,975,52.75,78.26,63.78,55.89,37.9,87.25,54.73,63.94,45.21,50,53.68,55,33.08,36.28,37.81,50.97,44.15,51.66,55.23,1579,55.94,17.89,18.91,60.43,19.39,11.19,9.22,30.95,30.35,60.8,35.04,80.91,53.93,46.79,9.34,33.11,50.83,40.87,47.28,20.8,41.08,33.27,61.66,17.86,9.36,56.64,5.84,51.87,63.76,60.21,60.36,64.84,40.37,0.1,4.37,3.48,6.45,2.8,17.13,3.45,22.14,17.06,22.11,9.71
Srikakulam,Andhra Pradesh,61.74,958,52.95,61.69,49.06,50.72,17.15,65.35,25.03,28.45,48.08,50,42.27,55,31.1,21.87,49.64,51.05,28.59,45.93,54.73,3936,47.96,33.65,21.26,49.5,4.26,1,1,26.01,38.66,52.62,38.55,81.22,45.97,53.71,8.99,28.69,22.5,57.42,56.73,34.28,28.84,42.09,68.7,15.97,7.73,60,0.52,44.65,36.98,40.14,40.65,44.07,52.38,10.49,2.63,13.48,5.38,6.33,10.32,11,18.37,13.75,6.73,12.46
Maharajganj,Uttar Pradesh,62.76,889,52.58,51.94,55.02,46.72,10.98,83.13,77.47,49.89,51.09,50,40.05,55,29.59,40.63,40.5,21.31,23.7,44.22,37.63,2657,59.07,27.18,28.4,68.75,18.91,16.27,7.31,51.1,28.42,54.51,40.77,65.47,90.78,16.6,1.27,45.52,51.04,55.49,73.3,33.05,37.67,24.94,62.59,17.74,9.03,60,2.82,73.69,60.14,65.22,62.36,70.92,55,5.43,0.19,0.42,7.07,0,13.29,5.64,12.69,11.6,11.07,5.32
Dhanbad,Jharkhand,74.52,1012,62.62,58.65,67.7,42.65,49.71,57.58,84.83,61.27,59.18,50,50,55,53.1,44.39,45.96,21.43,29.44,47.06,29.96,2617,70.14,33.65,8.88,58.66,11.88,5.47,3.54,48.36,16.83,53.94,57.67,52.1,42.84,53.65,4.81,44.9,41.49,48.7,65.66,23.4,4.81,20.9,66.7,15.16,3.54,60,0.41,43.81,40.68,41.29,45.5,49.93,49.67,13,3.2,17.07,0,7.75,8.4,9.57,12.53,9.54,18.64,10.03
Tumkur,Karnataka,75.14,1022,63.79,60.33,68.02,55.78,48.75,71.26,52.86,58.56,43.18,50,55.94,55,36.9,47.11,59.45,47.18,27.43,65.11,42.58,2530,60.1,34.39,24.43,75.45,15.26,15.41,4.69,71.82,26.89,58.26,41.06,69.18,55.36,38.75,4.8,29.15,46.14,59.2,71.7,27.43,16.53,38.19,63.3,17.39,2.01,55.01,2.38,75.2,71.5,54.67,65.11,66.25,49.24,9.59,4.65,7.32,6.33,9.71,16.08,14.79,16.84,19.61,19.33,15.19
Sikar,Rajasthan,71.91,925,56.7,61.31,43.98,40.42,46.81,74.05,76.81,50.89,67.98,50,48.63,55,36.24,47.08,34.44,44.47,22.37,69.3,30.79,1011,71.52,36.25,23.21,60.08,37.85,27.39,6.99,45.99,36.75,45.91,26.57,44.65,72.26,26.05,8.21,18.55,51.63,38.29,68.74,33.92,25.22,13.24,70,13.67,1.93,60,4.43,45.62,68.62,48.02,57.52,62.09,53.25,7.02,0.07,5.01,8.02,7.72,4.36,7.81,6.84,5.86,10.52,6.91
Bilaspur,Chhattisgarh,70.78,934,72.98,61.24,71.65,43.22,35.54,98.1,33.62,38.77,56.82,50,48.88,55,55.87,43.16,33.5,19.61,5,61.21,34.44,3944,59.93,36.3,17.78,50.71,5.77,1,1,26.03,36.46,32.63,27.98,52.01,88.11,9.61,13.87,37.21,44.6,70.73,74.46,31.5,15.93,30.03,70,18.61,10.71,60,5.24,60.64,59.07,52.59,55.29,59.79,37.98,6.51,2.77,6.29,14.93,9.49,4.83,6.3,13.23,7.86,24.87,8.27
Kollam,Kerala,94.09,961,59.56,79.29,78.68,67.76,72.56,74.7,29.06,77.96,44.4,48.9,48.77,55,57.85,63.75,72.49,56.36,31.34,71.44,52.81,2631,69.27,37.69,8.86,76.19,21,12.95,7.08,18.72,48.83,78.55,62.89,43.15,58.11,42.13,12.3,37.54,45.66,54.89,45.19,21.32,30.09,39.72,48.94,7.61,1,60,1.44,56.54,34.13,51.18,42.48,43.75,55,1.4,5.15,4.68,7.37,2.71,6.15,10.01,13.93,13.05,18.17,15.62
Raigarh,Maharashtra,83.14,963,59.07,65.75,82.89,61.17,37.62,51.59,45.82,77.31,47.33,50,62.11,55,65.68,51.05,63.92,41.77,25.72,65.82,38.73,2851,57.45,33.19,27.14,60.42,9.22,2.12,7.68,52.15,41.13,47.11,34.74,76.17,48.77,46.98,6.56,37.79,67.47,26.03,84.17,38.99,25.19,32.16,55.14,23.11,4.28,60,3.92,82.05,54.2,49.49,49.31,55.87,52.31,3.47,6.36,16.57,8.75,4.33,16.88,6.79,0.74,16.22,17.07,5.28
Fatehpur,Uttar Pradesh,67.43,976,54.54,57.49,63.27,35.31,49.79,54.01,53.7,47.59,67.27,50,46.31,55,52.2,16.37,50.2,29.03,33.67,65.77,31.12,611,67.06,31.27,28.44,50.47,14.92,10.62,2.86,20.33,19.38,50.16,35.86,73.6,60.08,41.77,4.68,15.87,30.02,50.89,57.74,35.37,23.63,20.2,55.52,21.08,8.19,60,5.46,73.92,50.44,42.42,49.25,52.08,49.91,7.67,3.14,12.36,8.39,5.38,9.81,5.29,15.09,12.06,18.38,10.41
Cuttack,Orissa,85.5,1030,52.69,78.22,81.59,70.39,45.72,78.41,37.12,71.2,56.53,50,75.95,55,36.38,30.33,51.78,43.75,15.89,67.45,52.19,2902,69.69,39.88,21.36,65.59,25.45,12.64,7.31,49.58,36.53,53.04,47.37,57.31,78.28,18.87,1.77,53.4,31.11,43.91,65.87,50.33,42.37,14.99,61.42,8.91,5.29,54.84,5.18,52.64,67.46,39.36,55.64,61.24,36.34,4.62,1.6,9.48,16.07,5.39,6.26,19.33,4.89,6.08,24.86,17.47
Cuddalore,Tamil Nadu,78.04,943,61.77,74.4,70.39,60.35,32.7,85.37,55.76,48.79,56.53,46.45,45.23,55,54.8,69.96,63.16,14.72,9.31,48.78,49.4,1879,56.62,39.98,7.16,51.1,21.18,14.14,14.54,21.32,57.13,76.97,50.9,92.63,82.33,23.81,6.49,36.61,58.86,10,55.99,6.17,31.17,41.24,55.82,29.61,11.96,60,3.52,62.64,41.46,55.06,49.62,54.14,41.76,7.87,4.35,2.99,11.01,3.69,10.02,0.73,19.5,25.63,15.92,15.17
Barmer,Rajasthan,56.53,918,64.01,46.98,65.21,32.52,37.81,82.51,51.13,46.71,70,50,21.49,55,49.4,33.92,48.55,26.17,5,43.49,16.83,1009,29.98,11.95,13.67,60.15,15.75,8.88,4.33,41.28,43.53,45.14,31.13,66.25,37.25,56.78,4.4,29.4,25.84,52.2,60.69,33.42,14.83,24.89,70,12.39,6.78,60,1.82,84.94,72.33,50.84,62.31,62.52,47.46,10.12,3.38,8.72,1.2,2.26,11.86,13.27,21.03,13.97,17.17,8.28
Buldana,Maharashtra,83.4,895,67.76,72.17,74.43,43,51.18,80.01,25.03,62.74,47.84,50,64.56,50.11,64.26,61.44,60.06,38.25,19.54,64.64,54.8,1342,67.72,44.57,19.28,72.58,11.5,6.71,3.51,15.92,52.81,57.14,38.68,65.12,64.07,35.23,7.86,30.03,65.06,73.66,68.44,38.83,21.55,16.18,67.62,28.51,14.87,60,1.62,87.4,69.51,38.93,51.17,49.81,52.63,5.28,0,5.15,11.92,10.18,5.61,9.32,22.06,12.56,14.4,12.59
Bid,Maharashtra,76.99,921,65.05,62.8,64.06,52.44,46.55,91.95,55.38,54.34,59.23,50,57.36,55,54.2,42.05,43.27,50.18,32.6,43.95,41.61,1062,68.68,37.36,28.26,59.95,21.16,24.01,6.95,49.04,48.22,66.32,58.49,62.98,36.18,62.15,8.01,34.01,53.41,53.06,76.03,37.06,40.55,40.67,56.03,21.64,10.37,54.66,1.31,44.47,34.38,55.49,46.45,45.91,54.95,4.27,2.65,0,3.22,2.5,11.8,5.87,11.07,16.02,23.74,17.52
Ajmer,Rajasthan,69.33,949,44.4,62.18,82.79,44.07,37.82,71.52,62.27,47.85,55.02,50,38.45,53.39,49.74,40.9,45.81,37.77,26.76,45.68,50.24,1046,53.35,35.22,2,60.7,35.08,21,6.9,12.79,48.99,79.01,61.54,32.75,77.92,23.23,6.1,35.59,49.03,67.75,78.52,21.97,32.8,36.61,61.54,27,10.34,57.79,2.94,84.74,51.71,42.6,47.54,49.59,55,2.41,2.23,5.53,4.39,9.97,10.32,11.74,10.98,14.71,14.06,15.88
Gulbarga,Karnataka,64.85,1022,47.47,52.43,66.04,46.53,33.34,88.74,48.43,46.97,61.11,50,30.1,49.81,32.04,33.47,55.53,45.09,31.77,56.4,48.28,2254,46.7,26.72,13.23,48.44,8.99,1,5.43,39.91,22.22,55.54,33.14,40.11,69.6,35.03,6.18,24.88,38.49,55.15,71.49,8.64,46.74,14.38,70,20.41,6.53,60,1.35,83.59,54.23,74.89,70.57,80.46,55,9.34,4.07,12.03,1.8,6.49,8.47,10.17,1.14,10.02,14.54,9.35
Gopalganj,Bihar,65.47,929,50.35,62.93,63.29,42.2,70.11,58.42,68.05,53.71,57.97,50,61.2,55,25.96,68.87,60.83,10,9.18,27.59,32.75,1852,51.25,27.92,15.17,34.28,37.12,29.21,10.38,31.44,36.4,46.48,27.14,56.91,45.42,55.91,5.22,29.91,36.21,46.79,56.06,43.48,41.85,57.17,70,23.53,11.72,60,4.36,67.68,70.09,88,75.17,78.74,55,9.01,1.8,6.87,14.29,5.61,4.67,16.6,17.08,13.75,11.36,7.3
Siddharth Nagar,Uttar Pradesh,59.25,959,46.26,40.82,40.75,21.4,48.31,67.14,20.65,34.87,59.88,50,55.62,55,28.36,38.59,40.25,24.56,19.38,28.97,42.92,2501,60.31,35.97,19,74.02,29.99,24.53,10.38,36.83,19.14,55.95,56.95,57.07,89.61,9.75,5.95,46.52,37.9,41.83,70.54,19.22,24.55,20.51,70,26.92,11.59,60,3.46,63.64,44.7,72.22,56.29,60.6,55,14.75,2.35,8.28,11.75,6.63,15.44,4.33,3.95,12.69,12.93,12.32
Nizamabad,Andhra Pradesh,61.25,949,63.75,52.61,41.93,38.99,42.59,56.32,54.36,43.89,56.36,50,18,55,13.71,30.33,42.32,42.3,25.75,41.11,26.71,3708,40.92,32.21,4.38,53.58,31.69,10.7,12.87,27.88,20.45,29.82,31.03,69.8,68.03,35.43,13.74,10,33.79,31.91,68.6,21.45,50.1,36.41,66.24,34.26,11.12,60,3.37,56.74,58.11,71.33,59.96,66.45,55,6.71,3.45,14.2,11.92,9.57,8.66,7.42,4.31,16.48,8.6,13.71
Bharatpur,Rajasthan,70.11,998,63.16,65.21,63.5,46.02,38.74,74.7,21.59,54.26,62.61,50,44.49,55,54.67,22.25,48.95,36.35,13.43,52.61,57.95,2083,54.46,31.84,17.39,54.88,21.08,10.2,15.15,27.45,42.98,54.12,47.32,44.64,66.05,38.17,10.07,36.66,58.63,71.66,65.89,49.8,51.25,50.84,53.46,27.6,14.95,60,0,46.2,71.49,63.03,66.61,68.51,55,5.61,5.92,13.31,11.14,0,0,15.06,11.18,12.97,13.71,16.03
Mathura,Uttar Pradesh,70.36,1051,46.66,64.61,62.19,55.59,52.32,77.44,22.72,46.01,70,50,65.89,55,35.3,65.9,53.48,50.33,15.38,35.68,32.63,200,69.49,42.05,16.27,44.33,29.71,21.49,5.13,37.79,50.06,77.63,58.32,59.41,58.78,42.57,10.13,25.13,39.23,68.15,73.01,9.72,5,37.66,59.13,22.59,9.82,57.03,3.06,70.08,58.77,46.64,47.48,48.2,55,7.87,4.28,18.8,9.76,6.08,12.78,8.98,6.37,14.27,14.16,12.89
West Delhi,Delhi,86.98,929,72.7,97.13,65.4,53.9,54.96,79.37,32.38,83.31,59.52,50,56.13,50.66,63.33,50.23,55.73,26.83,11.72,59.62,56.42,1982,77.89,39.89,7.55,61.98,7.91,7.76,6.23,16.96,45.51,64.73,60.62,59.77,61.86,40.08,12.05,57.57,59.2,49.99,45.86,34.83,30.44,30.11,48.43,8.21,5.24,52.03,2.08,62.45,27.14,19.62,26.94,32.49,55,4.85,11.99,0,5.72,5.45,12.9,12.73,7.23,14.61,12.12,11.62
Aurangabad,Bihar,70.32,930,62.72,65.74,62.12,66.01,37.59,78.74,26.16,47.94,45.24,50,44.32,46.53,23.9,51.12,21.77,48.93,28.28,60.76,39.94,3274,61.21,46.23,18.58,73.01,11.32,7.33,7.44,16.86,58.46,54.97,32.4,60.56,55.13,48.1,11.69,32.37,56.7,18.56,34.6,15.95,22.3,9.81,69.49,3,1,60,7.33,71.52,47.58,33.6,43.87,48.34,52.1,2.46,0.21,4.79,7.82,5.56,15.66,16.07,13.28,10.49,11.21,3.87
Kannur,Kerala,95.1,992,87.73,78.56,92.7,47.45,47.51,66.87,34.04,70.48,55.83,49.36,63.74,34.5,65.3,67.33,78.74,44.88,36.96,67.26,44.86,2123,75.65,46.73,13.51,92.85,25.66,16.77,6.43,28.55,54.85,67.55,56.69,58.33,48.66,43.12,13.7,32.38,48.98,63.5,82.85,15.69,26.35,51.49,54.73,17.96,10.58,60,0.44,71.88,68.56,39.17,53.39,53.8,44.95,6.36,6.74,13.54,4.93,7.82,13.07,12.81,18.29,13.27,8.52,22.02
Mayurbhanj,Orissa,63.17,977,68.18,56.18,63.01,57.33,31.69,75.72,40.72,40.87,58.92,46.42,33.01,55,28.8,32.35,64.01,27.75,15.85,53.61,48.71,3576,53.94,30.29,25.95,59.72,20.96,8.93,9.73,27.85,25.42,45,30.2,29.92,84.12,14.13,10.35,28.94,47.19,38.71,63.03,27.01,18.57,37.38,63.63,13.28,1,60,2.59,95,66.69,69.32,64.96,66.56,55,7.83,3.77,11.16,3.59,3.17,11.69,6.94,16.24,7.35,6.43,15.89
Firozabad,Uttar Pradesh,71.92,1024,48.79,52.29,50.34,48.1,5,60.03,61.74,70.52,62.86,50,33.3,55,24.14,51.22,45.62,52.85,30.14,44.42,35.78,2608,56.83,30.28,9.38,52.21,16.52,1,12.36,16.9,26.52,58.33,41.76,12.78,53.13,48.75,8.82,39.4,38.43,57.59,71.24,33.12,16.82,10.02,60.62,13.58,10.46,51.86,3.77,82.95,21.26,54.1,33.11,35.11,50.37,8.1,0,9.5,4.44,1.55,8.57,8.25,14.14,10.62,14.31,7.72
Mirzapur,Uttar Pradesh,68.48,973,48.25,61.07,58.4,56.53,39.25,94.36,38.58,57.63,49.85,50,58.46,55,57.19,33.84,38.85,53.18,34.99,39.84,20.69,546,51.33,36.05,21.08,70.29,2,11.55,1,51.64,49.88,61.97,52.28,39.16,52.52,46.02,5.64,67.07,44.08,27.26,51.99,36.4,42.62,45.54,69.57,18.34,1.52,60,1.05,73.2,58.01,39.45,46.62,50.27,50.99,7.78,2.86,5.98,16.42,0.85,8.58,16.12,19.88,11.15,18.49,11.03
Amritsar,Punjab,76.27,936,49.63,62.81,56.53,54.19,33.43,74.36,13.29,52.34,55.66,50,34.96,55,55.24,33.88,53.2,55.55,31.17,61.88,11.18,2299,56.19,26.05,10.3,68.43,13.65,4.03,5.74,28.98,43.49,52.97,38.58,47.38,59.67,38.89,4.7,11.72,44.74,56.66,83.93,37.98,13.65,27.73,59.31,24.3,5.59,48.91,6.86,32.95,69.19,20.48,46.71,54.02,50.41,10.26,0,10.13,5.47,2.28,14.38,10.78,13.77,18.76,13.47,10.56
Tiruppur,Tamil Nadu,78.68,974,61.67,77.22,62.27,66.47,66.1,72.13,67.8,70.73,55.93,50,57.55,55,45.82,61.18,54.27,68.8,47.76,58.77,36.71,2467,73.15,25.97,12.8,72.12,6.26,4.95,3.81,30.92,51.39,28.38,17.81,34.43,87.64,14.23,11.53,23.66,43.45,52.64,70.25,16.52,31.31,23.67,56.01,14.03,6.37,60,6.9,70.88,63.08,87.09,72.72,78.48,48.07,8.08,4.25,9.84,11,7.06,10.22,8.98,9.84,12.27,15.58,12.07
Faizabad,Uttar Pradesh,68.73,994,61.21,58.01,55.54,44.24,36.53,97.07,28.26,55.03,43.92,48.42,56.98,53.71,38.21,39.34,59.63,54.57,48.58,36.26,57.75,3172,57.94,32.45,23.57,61.99,22.94,14.12,10.17,11.1,10,58.39,39.83,56.89,82.36,19.63,7.56,49.53,47.51,11.63,62.31,11.28,11.11,20.13,70,26.16,8.87,58.42,1.28,88.73,64.8,58.53,67.39,66.83,52.23,7.08,3.09,0,15.31,6.51,3.81,11.92,8.38,10.71,19.55,8.71
Tiruvannamalai,Tamil Nadu,74.21,983,70.53,65.97,58.46,40.96,21.69,63.09,43.83,60.14,61.56,50,37.43,55,46.09,50.75,53.78,32.56,37.06,43.94,59.62,3838,65.59,45.59,22.82,51.02,16.09,14.94,8.71,72.29,43.75,81.41,45.17,79.8,54.89,47.45,2.56,18.06,36.25,84.12,69.29,20.89,47.77,29.05,58.5,19.27,6.72,56.72,1.82,58.6,85.93,64.54,79.71,80.55,55,0.94,1.94,10.07,10.12,7.65,9.28,3.58,16.31,11.9,19.01,13.9
Basti,Uttar Pradesh,67.22,970,54.66,56.05,46.14,61.26,34.58,64.49,53.93,49.38,70,50,37.81,55,39.31,45.26,40.77,40.31,24.96,62.7,31.71,3017,58.35,44.82,15,47.55,11.72,8.19,4.77,78.69,30.83,47.46,41.7,72.52,84.08,11.96,1,33.35,54.54,49.14,38.87,29.17,30.42,36.7,70,19.3,6.13,49.72,7.29,95,54.35,41.43,47.89,51.52,55,6.98,0.82,6.41,3.85,3.62,10.73,8.82,6.39,11.86,17.54,5.55
Jabalpur,Madhya Pradesh,81.07,993,62.6,85.13,66.42,55.61,27.95,64.85,48.99,57.91,49.61,50,68.88,50.69,35.08,56.3,44.51,41.21,27.42,47.5,44.15,2596,72.44,38.98,16.77,64.83,44.43,29.65,17.6,20.95,27.86,41.93,23.39,67.33,63.95,28.96,16.59,33.25,40.67,50.33,70.6,22.53,40.43,21.06,62.61,34,11.25,60,5.79,73.16,59.57,47.78,52.29,55.48,55,5.32,7.05,13.21,4.05,3.75,1.05,9.61,15.09,23.08,16.81,10.59
Latur,Maharashtra,77.26,997,64.46,67.29,59.61,56.3,48.46,77.19,66.88,63.37,67.25,50,59.41,55,37.55,27.68,63.88,67.98,53.42,63.43,40.78,2809,63.63,35.35,2.56,70.82,28.38,5.28,6.29,57.07,41.74,65.62,64.08,77.71,46.82,57.2,4.06,29.76,37.1,64.62,87.3,2,32.73,28.53,49.18,20.42,9.12,60,2.26,69.42,40.91,44.5,41,39.67,55,1.51,3.52,10.72,7.48,9.96,14.73,9.53,10.43,12.01,13,15.08
Bellary,Karnataka,67.43,1005,47.22,73.51,30,59.55,39.82,83.18,54.58,47.95,57.65,50,41.03,55,60.62,33.43,54.82,51.97,29.98,42.42,24.46,2049,53.46,33.56,36.83,46.27,28.56,14.4,10.65,33.35,50.19,73.01,52.46,39.51,53.43,42.86,5.26,31.25,42.82,54.09,69.73,3.07,26.45,67.57,60.85,18.57,7.28,59.11,3.86,50.14,45.48,51.03,53.05,59.91,53.45,8,4.63,18.78,16.03,8.06,11,8.03,7.97,14.94,15.46,2.22
Giridih,Jharkhand,63.14,976,73.25,62.53,76.57,33.88,47.25,86.88,27.77,63.2,70,50,56.22,55,66.79,33.99,56.65,34.3,26.01,44.17,26.5,883,47.15,23.82,28.25,52.27,40.02,29.74,12.1,63.87,61.92,56.08,52.54,48.86,86.72,9.22,12.91,27.53,39.69,61.55,67.79,22.11,30.96,32.71,70,23.19,11.93,60,0.23,87.56,50.02,79.53,62.8,56.95,55,8.07,4.53,9,12.69,7.26,4.19,8.46,7.87,13.11,19.04,10.71
Sabarkantha,Gujarat,75.79,943,45.77,71.59,75.15,59.01,28.61,99,88.57,49.27,32.34,50,65.12,55,60.44,35.5,44.58,53.43,22.98,56,57.25,2237,53.11,33.34,27.82,63.01,26.02,20.19,4.19,41.05,44.59,77.38,43.56,70.3,95,5,3.17,49.52,52.66,34.4,60.24,35.26,51.1,38.59,61.05,33.38,13.59,57.06,7.39,52.54,67.75,30.73,52.04,55.98,38.77,7.7,4.32,3.54,9.15,0,9.51,9.43,18.79,13.95,24.2,9.18
Bhilwara,Rajasthan,61.37,956,52.87,57.81,51.13,37.06,32.33,51.01,48.89,59.45,70,50,45.65,55,39.49,41.97,63.27,20.9,10.05,21.95,42.87,2529,43.19,23.07,2,58.51,10.29,1.93,1.56,36.8,25.24,58.28,49.56,48.51,67.76,38,10.13,46.71,43.46,52.44,81.24,14.14,17.44,15.5,57.6,18.63,6.2,60,3.15,56.53,43.79,49.34,46.63,42.77,48.18,8.22,3.02,0,6.18,10.87,10.49,17.3,7.85,6.26,24.3,15.67
Thanjavur,Tamil Nadu,82.64,998,87.22,77.13,68.9,56.53,24.11,85.3,42.05,64.35,65.37,36.5,48.85,55,41.4,63.83,41.28,49.32,38.84,43.22,52.86,1117,67.32,45.12,12.85,75.64,9.12,1,4.27,5,36.22,68.93,59.61,49.6,51.8,49.26,15.29,44.82,35.91,20.63,83.47,33.8,3,10.71,61.84,22.52,11.33,51.25,4.17,36.78,73.52,55.77,66.79,73.65,49.91,6.5,8.55,4.31,8.52,4.72,15.73,0,11.32,17.49,24.18,13.71
Ambedkar Nagar,Uttar Pradesh,72.23,917,59.24,51.51,50.23,51.28,48.86,71.31,64.28,58.79,53.82,50,46.43,55,30.15,59.48,59.05,29.86,12.17,51.42,27.32,3394,48.57,32.5,15.99,53.31,27.65,18.61,11.42,19.19,51.28,48.51,46.81,95,59.75,41.96,16.46,32.5,57.37,50.72,58.52,7.05,18.98,44.57,59.23,18.13,1.76,53.69,1.13,78.44,38.6,48.13,40.9,41.89,55,5.01,10.71,10.89,7.76,5.52,15.59,13.49,10.19,3.37,14.66,7.69
PanchMahal,Gujarat,70.99,965,56.34,61.94,78.1,34.69,45.38,70.96,49.99,62.01,37.69,50,52.56,55,30.26,38.52,32.05,20.23,11.11,42.45,43.8,3105,49.28,33.59,2,71.91,2,1,1,35.37,27.08,57.47,30.88,59.91,48.28,55.17,6.21,37.92,44.17,81.01,70.38,28.07,13.07,41.15,67.99,18.18,1,60,0.73,73.81,64.59,65.93,64.26,70.46,55,13.08,8.34,12.16,7.73,6.34,16.39,9.57,19.35,7.68,8.19,16.46
Sagar,Madhya Pradesh,76.46,934,58.77,74.73,83.67,45.73,48.31,70.56,52.98,54.95,57,50,51.64,55,35.41,49.38,46.8,52.64,18.99,63.49,18.23,965,73.33,38.69,30.68,55.69,17.22,5.45,2.28,38.58,49.52,56.7,36.9,93.27,50.9,48.89,7.95,46.77,51.82,27.89,68.48,28.15,43.55,47.57,70,15.08,1.27,39.48,3.9,65.15,63.28,22.23,42.68,43.25,55,6.59,4.06,5.97,3.5,5.49,12.88,9.69,22.23,11.05,18.3,11.56
Bhopal,Madhya Pradesh,80.37,951,63.47,71.99,68.81,69.77,43.25,67.09,94.84,70.23,37.34,42.84,65.65,53.84,70.02,53.57,72.85,56.09,49.7,40.2,58.34,3429,70.11,53.97,37.45,77.05,2,10.1,3.6,13.13,47.73,58.44,48.44,21.53,49.13,55.93,6.41,50.78,73.19,48.69,71.03,30.62,27.54,26.04,62.87,14.52,4.78,60,6.83,76.1,58.86,80.14,67.61,76.29,55,0,3.86,6.85,3.42,4.48,7.73,7.97,18.45,13.34,21.56,12.58
Rewa,Madhya Pradesh,71.62,1001,72.44,54.62,71.79,59,44.19,98.21,39.5,34.22,61.48,50,34.84,55,61.07,50.43,59.87,46.3,37.88,55.79,46.07,1923,57.26,35.36,44.74,56.48,18.99,19.57,8.68,21.88,41.59,51.34,39.69,45.38,60.57,33.45,7.93,39.52,60.09,16.77,53.41,12.9,41.58,42.05,69.09,32.57,14.2,60,1.92,74.69,69.77,28.07,52.67,47.84,55,0,7.28,9.35,8.32,5.44,6.46,12.51,10.75,13.31,1.56,14.29
Bikaner,Rajasthan,65.13,958,31.73,58.25,59.09,44.96,58.14,88.11,38.64,44.6,65.04,50,30.65,55,44.78,28.54,41.87,35.37,22.73,31.83,22.94,1499,73.53,42.42,7.45,56.67,26.54,19.69,12.84,44.96,17,53.53,42.49,66.18,64.17,30.4,13.19,50.69,46.41,55.14,82.14,6.43,30.45,2,65.4,14.57,1,60,1.04,59.52,43.86,31.92,35.6,40.9,55,10.82,1.73,10.9,2.36,6.91,7.5,14.75,15.05,18.68,5.63,7.35
Surguja,Chhattisgarh,60.01,952,65.34,65.94,40.64,44.44,26.73,78.28,47.33,38.62,54.58,50,43.82,55,21.48,57.85,38.82,19.81,15.95,38.49,55.4,3171,37.82,14.71,21.41,52.82,20.79,15.05,12.75,10.1,28.72,32.45,21.46,59.87,59.33,34.97,2.4,22.81,28.27,63.39,73.48,33.71,30.12,33.49,61.04,6.67,2.63,60,3.61,53.23,48.01,42.81,43.68,43.43,52.58,0,9.13,14.1,4.5,7.55,10.67,0.52,7.54,13.95,9.72,14.79
Vizianagaram,Andhra Pradesh,58.89,896,34.93,61.73,49.16,38.28,32.41,94.21,66.43,35.03,70,50,36.31,55,43.11,46.45,44.28,20.51,15.47,30.58,13.78,2154,57.86,31.05,35.87,51.64,27.38,8.05,11.73,37.41,14.89,57.13,55.25,16.89,58.02,44.09,10.59,43.41,27.94,61.9,83.04,6.69,32.3,39.4,70,20,6.94,60,6.27,39.27,40.55,39.64,44.17,47.88,55,3.82,6.37,6.06,7.12,8.66,10.87,20.47,14.26,11.44,7.93,11.14
Rampur,Uttar Pradesh,53.34,980,42.34,47.57,50.99,50.9,10.71,59.85,14.87,38.62,70,50,31.07,55,26.47,43.44,44.81,20.04,23.1,56.36,38.37,3909,44.45,25.36,16.96,50.73,37.65,20.77,11.52,57.28,22.28,33.8,46.22,53.41,75.69,26.84,7.22,35.86,50.62,44.17,48.27,15.75,50.72,18.74,68.48,27.14,11.27,60,1.72,62.33,55.14,56.79,59.46,64.1,55,1.14,3.16,5.29,8.32,1.71,16.14,10.72,2.46,7.92,2.62,5.44
Baleshwar,Orissa,79.79,976,60.55,78.47,62.32,53.85,29.85,62.03,5.69,65.91,61.88,50,38.17,54.15,18.05,62.32,69.38,42.09,21.1,42.46,54.54,1432,74.1,34.45,13.2,70.95,16.56,9.29,6.26,41.94,54.89,55.88,42.74,95,57.87,39.77,13.47,31.19,46.89,16.4,49.15,41.7,32.61,39.67,58.27,28.94,5.85,60,2.5,45.38,53.2,54.94,58.83,56.2,53.16,4.79,4.85,19.12,11.46,3.36,9.73,10.55,14.41,12.74,17.86,10.24
Kheda,Gujarat,82.65,1037,72.87,71.82,66.54,60.17,46.06,51.86,33.26,70.87,50.5,50,58.05,55,48.9,56,54.16,59.24,41.4,56.63,34.71,642,71.12,36.78,2,76.52,46.08,26.35,22.77,41.04,60.23,64.42,51.94,62.94,59.03,39.81,13.26,42.51,50.51,32.65,95,27.04,45.53,24.84,70,9.44,11.62,52.14,4.67,67.44,67.85,51.82,54.11,60.81,49.64,7.54,5.88,17.92,1.99,7.56,0.88,3.03,12.67,9.2,22.74,7.37
Gurdaspur,Punjab,79.95,938,48.98,60.03,66.05,67.43,59.53,69.61,12.32,64.88,37.87,50,55.44,55,33.87,35.64,40.85,57.7,43.24,38.7,47.52,1948,52.98,27.81,33.59,71.67,20.13,11.33,18.1,5,46.54,47.85,36.34,70.09,58.82,47.52,6.37,42.2,39.52,77.62,82.21,29.43,44.63,26.04,57.32,27.9,11.26,49.99,4.89,62.59,60.8,27.31,44.66,48.47,47.98,3.34,2.72,6.35,2,0.29,5.04,7.14,15.64,3.85,15.05,13.22
Purbi Singhbhum,Jharkhand,75.49,959,66.24,61.47,63.26,45.07,36.45,79.94,36.5,53.84,64.48,45.39,59.38,55,31.82,43.63,55.64,22.96,23.5,68.84,25.65,2910,64.93,36.16,19.77,54.05,27.49,24.36,11.47,20.21,34.68,32.92,34.96,45.12,89.78,6.75,7.56,35,53.43,70.82,52.77,32.5,27.71,23.9,70,35.47,10.54,55.13,2.43,58.97,65.34,47.77,56.83,60.14,53.24,2.74,7.1,14.71,12.23,5.48,6.12,16.8,12.93,7.21,6.8,10.61
South West Delhi,Delhi,88.28,960,91.45,90.39,72.9,77.38,44.43,79.23,55.05,72.99,44.33,50,62.49,55,45.55,33.16,57.81,40.82,6.42,65.81,18.81,1366,77.72,28.64,11.25,77.2,11.89,5.02,6.3,71.98,67.61,58.96,50.85,62.87,53.16,48.32,11.57,40.24,66.14,53.36,78.02,32.07,28.96,45.98,58.96,13.53,5.8,47.7,5.19,80.7,52.04,50.32,49.49,53.51,54.62,8.92,7.82,20.02,13.71,2.64,6.12,10.34,18.01,21.74,18.69,14.49
Erode,Tamil Nadu,72.58,1013,45.8,63.4,51.57,35.5,32.44,79.79,27.19,57.69,42.55,50,49.48,55,33.94,48.53,39.17,32.65,14.8,52.18,30.73,1003,44.16,23.21,23.41,57.18,34.19,20.52,14.87,24.22,32.92,37.75,19.78,57.75,72.73,23.84,11.93,17.19,62.9,57.92,58.01,24.74,24.71,21.55,59.29,17.61,11.53,54.29,4.06,50.2,61.09,69.72,66.38,70.2,49.25,16.53,3.21,15.58,2.82,6.65,0,12.08,8.42,9.51,8.97,4.08
Khordha,Orissa,86.88,946,72.06,76.49,64.3,77.11,39.11,61.07,16.46,76.34,61.39,50,72.59,55,47.37,50.1,64.45,18.06,5,75.56,44.73,2406,89.4,46.15,21.84,64.97,28.42,22.17,10.04,57.76,34.16,71.33,48.6,80.38,48.53,56.95,1,33.22,49.61,36.5,39.52,14.18,47.96,20.08,59.29,9.15,1,56.59,3.03,37.28,82.19,53.19,66.73,73.41,43.18,8.16,2.57,5.19,3.62,2.46,18.85,7.69,17.54,13.01,12.33,10.94
North East Delhi,Delhi,83.09,961,60.7,72.68,56.16,54.44,49.28,87.64,46.39,71.84,70,50,45.04,53.86,44.71,49.37,56.88,53.34,33.2,59.64,57.59,883,73.12,40.05,22.02,68.31,32.71,14.16,16.1,24,54.06,46.86,27.07,79.74,68.3,34.84,11.56,37.04,58.84,78.23,33.5,57.21,16.83,16.71,52.72,33.83,9.05,56.05,4.8,61.62,34.82,56.12,45.96,46.37,55,2.34,3.68,9.52,9.18,3.92,0.09,19.85,15.83,20.06,21.42,8.54
Supaul,Bihar,57.67,974,52.51,65.23,62.26,37.94,7.14,80.88,62.25,44.26,64.99,50,45.73,55,10,49.05,45.55,30.88,5,42.56,35.41,2476,54.4,38.2,17.39,50.49,18.55,7.86,10.52,30,37.21,64.54,69.96,66.15,71.83,21.18,14.59,22.35,40,42.06,64.67,21.49,19.88,22.58,70,7.06,2.47,60,4.53,53.9,27.41,81.4,64.61,71.19,53.03,9.48,0.53,0.24,7.19,4.13,8.13,9.23,19.54,0,17.54,10.62
Satna,Madhya Pradesh,72.26,957,59.39,76.42,40.91,31.68,57.57,86.8,11.1,49.24,70,50,33.87,55,57.99,37.87,43.02,39.77,7.5,51.9,44.48,1893,52.1,45.07,39.47,63.42,5.45,1,3.33,44.28,33.23,54.67,46.08,59.42,81.52,17.18,9.02,25.08,56.32,62.87,88.41,28.97,26.13,29.34,70,15.8,6.22,60,0.91,66.82,64.55,31.44,48.95,53.69,55,12.98,0,4.18,7.23,5.74,14.29,15.65,19.94,10.08,13.01,8.43
Nawada,Bihar,59.76,932,43.41,69.32,65.38,37.28,20.87,55.29,61.4,40.57,65.06,50,33.45,55,21.07,32.83,48.71,51.03,47.98,47.47,23.68,2645,56.32,36.4,18.4,59.24,22.6,14.97,6.64,36.81,34.07,48.58,31.67,24.42,55.08,34.52,11.8,42.83,41.85,31.1,87.82,30.28,13.93,34.66,70,25.28,12.24,58.49,5.97,51.3,42.27,43.79,44.11,45.63,55,10.25,2.7,8.92,3.88,7.87,13.95,9.24,7.29,5.27,15.61,10.85
Mau,Uttar Pradesh,73.09,958,64.7,64.67,76.37,40.76,49.68,81.74,61.35,52.73,52.34,50,39.04,49.02,28.77,44.12,39.34,42.6,30.5,46.24,37.49,955,70.84,29.09,39.43,72.58,2,1,1,41.87,45.51,31.43,18.17,23.72,41.95,62.55,13.12,34.45,39.65,51.79,83.9,18.6,21.72,17.96,70,13.53,9.84,45.13,3.69,71.31,34.27,31.83,35.51,44.67,54.42,0,1.12,10.1,9.88,8.1,3.65,11.74,16.1,14.62,9.25,8.83
Chandrapur,Maharashtra,80.01,993,83.05,74.08,63.98,49.93,23.96,63.75,64.08,60.49,45.69,50,63.83,55,40.06,25.93,48.73,39.84,24.87,53.86,36.85,3368,70.04,35.76,26.77,70.7,14.64,7.95,8.05,20.27,46.45,60.74,52,59.64,47.89,62.35,8.89,64.61,64.21,77.47,77.45,19.89,45.9,31.47,61.28,11.09,6.78,50.55,5.75,50.41,63.01,75.7,69.9,75.2,46.86,8.11,9.31,5.54,6.05,5.61,17.03,11.76,6.01,17.19,18.65,18.51
Jalandhar,Punjab,82.48,909,64.95,63.62,42.58,56.36,54.52,73.23,69.37,67.25,66.88,48.54,57.08,55,44.06,46.3,56.18,53.1,34.77,65.84,34.79,2035,70.03,43.28,24.21,74.24,19.91,9.62,7.82,14.55,50.87,59.4,51.79,75.49,79.36,9.74,11.26,42.31,53.1,37.96,69.76,42.86,39.12,34.34,66.08,18.58,3.27,60,3.1,50.24,39.93,76.8,55.07,58.6,55,4.16,2.63,0,5.92,1.67,16.31,14.62,19.96,17.71,14.58,12.58
Dhar,Madhya Pradesh,59,955,56.45,63.44,49.74,50.88,40.48,84.41,89.04,50.87,56.8,50,41.16,55,49.96,10,60.77,47.21,29.5,44.07,28.28,2887,43,27.52,18.64,50.91,41.77,21.8,11.67,19.05,26.38,31.86,30.28,84.63,95,5,8.05,42.26,38.04,68.49,82.28,16.13,24.11,15.81,70,38.12,12.03,60,3.5,74.25,78.09,74.46,71.33,77.19,55,6.21,5.37,9.97,2.48,12.74,10.09,13.69,7.88,18.16,5.17,12.51
Bijapur,Karnataka,67.15,922,42.43,52.26,58.01,49.08,41.05,79.09,37.88,51.67,67.06,50,35.94,55,40.17,33.26,56.5,42.13,33.26,45.86,41.18,3064,55.35,38.34,31.69,63.22,21.19,16.82,2.9,25.42,43.25,52.98,36.33,40.21,77.02,23.82,7.79,30.71,47,35.55,34.84,29.95,41.24,27.76,70,16.95,4.39,60,3.8,64.3,57.35,58.76,57.97,60.45,52.38,4.5,2.12,12.64,10.17,4.74,11.14,7.63,10.72,14.86,8.89,9.62
Jamnagar,Gujarat,73.65,998,50.67,67.8,52.77,54.63,24.27,67.78,47.19,57.73,50.22,50,48.56,55,47.31,54.45,63.64,50.1,25,37.55,37.32,1158,58.51,31.4,21.36,66.5,19.4,10.92,9.44,30.87,40.72,50.73,40.49,27.82,39.28,60.63,5.35,27.99,40.78,38.77,79.85,35.75,59.15,25.98,61.71,17.34,9.27,60,4.09,47.19,51.96,56.09,53.22,60.69,55,8.97,9.35,12.83,5.55,5.82,6.43,15.8,14.31,14.5,16.78,14.74
Dindigul,Tamil Nadu,76.26,889,66.92,60.95,59.42,42.43,44.5,78.08,36.67,60.97,49.64,50,45.75,48.5,45.24,51.12,68.74,41.38,26.32,68.36,41.87,2994,69.4,35.26,8.81,64.39,17.37,14.39,1,53.67,36.28,54.34,41.64,76.66,76.41,21.54,8.69,40.18,53.47,54.84,48.18,22.43,34.38,27.89,64.22,10.08,5.85,60,6.06,50.72,42.68,42.67,36.78,38.53,55,4.59,3.42,7.97,6.82,5.73,12.26,5.05,17.43,25.89,7.85,8.35
Balrampur,Uttar Pradesh,49.51,928,56.97,40.44,62.48,25.85,6.96,59.62,45.04,32.96,70,50,38.49,55,30.01,22.57,73.21,28.77,19.08,28.04,38.04,917,35.28,33.42,8.41,59.3,4.58,1,2.8,36.57,24.28,42.54,24.41,41.71,45.01,46.3,15.55,41.34,35.32,72.49,51.31,23.87,49.89,20.64,66.81,22.08,12.62,60,3.93,59.41,58.23,62.31,65.16,71.7,55,11.67,0.27,8.32,11.76,6.06,12.13,4.08,15.23,0,8.49,7.26
Jhunjhunun,Rajasthan,74.13,965,64.15,60.86,69.83,69.88,35.69,91.8,75.66,50.61,51.72,50,41.98,55,44.49,44.97,53.6,43.42,17.68,61.76,38.47,967,67.53,37.61,25.07,58.64,18.86,8.93,9.98,43.72,39.6,50.11,30.17,26.46,55.72,45.9,4.39,35.07,40.41,49.63,75.44,36.48,41.92,25.37,69.32,26.07,12.1,60,2.94,47.86,31.14,29.5,30.64,27.9,55,5.99,6.01,10.23,2.81,2.46,8.57,8.54,17.59,24.35,20.17,9.26
Alappuzha,Kerala,95.72,1013,73.66,81.89,67.97,59.65,67.87,75.54,18.1,62.32,38.52,27.28,80.3,49.61,29.45,44.53,81.42,43.82,36.51,68.76,41.42,3968,74.65,32.92,9.11,93,19.03,11.26,8.86,37.55,35.3,70.6,56.25,48.13,65.37,39.07,10.47,50.56,81.84,66.13,78.93,23.35,25.88,27.37,55.25,14.15,3.78,54.28,5.02,60.68,17.98,29.44,28.03,22.25,37.32,5.11,4.78,11.04,6.65,6.32,14.23,11.97,13.07,25.94,16.68,21.83
Dohad,Gujarat,58.82,947,49.11,49.16,37.26,57.74,42.24,91.42,27.78,39.44,70,50,24.42,55,29.35,35.26,53.36,27.59,12.99,28.24,42.05,3201,47.9,38.15,19.25,39.16,8.31,4.76,1.35,14.92,24.71,46.31,36.3,47.78,68.4,45.83,9.28,32.8,31.4,75.59,55.85,2,32.76,49.37,64.4,23.29,8.73,60,3.86,61.21,31.69,43.28,30.79,33.94,52.6,8.29,7.61,8.53,0.77,10.46,12.66,4.89,14.46,9.85,4.06,4.07
Sundargarh,Orissa,73.34,928,47.5,62.17,59.4,48.91,39.23,71.68,72.54,61.12,70,50,43.27,40.77,54.28,79.17,62.63,58.2,43.06,63.86,47.19,4066,67.27,25.03,32.69,68.85,6.13,7.76,1,35.31,41.12,61.01,50.18,84.4,63.18,43.36,13.9,34.63,51.54,41.12,74.69,43.05,37.37,27.54,70,14.21,1.3,56.99,8.91,51.24,72.06,80.19,80.5,82.99,37.21,7.43,3.54,0,4.91,0,27.07,9.61,2.4,9.67,13.28,19.28
Anand,Gujarat,84.37,1025,74.32,81.77,67.71,59.08,31,71.72,65.4,61.09,55.82,50,75.83,55,93.71,72.77,77.58,71.28,43.69,61.6,54.57,1867,66.08,10,23.65,83.21,13.18,6.41,6.96,37.35,30.19,55.06,47.62,75.31,51.18,42.33,14.65,39.87,53.53,27.55,73.44,13.29,19.57,43.06,55.69,3.85,3.42,51.82,3.58,74.75,41.14,41.78,40,41.23,55,8.4,4.32,15.99,12.15,5.1,6.49,3.08,19.16,11.9,20.26,7.16
Kachchh,Gujarat,70.59,892,66.77,55.8,65.85,60.12,47.04,68.83,37.74,53.1,51.1,50,45.06,55,24.37,42.99,46.69,59.4,48.71,62.77,49.86,2292,65.21,42.02,11.33,44.74,18.65,15.86,11.33,48.68,31.39,41.05,42.78,43.25,81.08,18.86,4.3,22.67,36.51,48.6,60.34,27.59,3,43.97,60.54,22.66,7.19,60,5.48,49.69,33.48,43.95,42.49,35.25,41.68,5.47,0,6.68,0.83,1.64,17.66,8.65,11.25,11.26,7.63,13.53
Chhindwara,Madhya Pradesh,71.16,862,53.85,65.59,55.9,62.53,37.99,88.51,62.09,59.22,52.2,50,36.66,55,44.21,44.62,46.27,24.7,6.49,47.99,48.18,2675,64.91,42.99,36.92,61.6,13.42,10.6,2.41,15.77,67.75,45.63,28.02,85.96,52.5,50.46,5.7,34.75,43.65,77.92,67.31,9.19,18.32,11.17,67.62,35.6,17.91,60,4.76,83.69,53.67,54.6,54.78,64.32,55,11.34,6.51,2.88,7.94,7.97,6.74,14.86,10.42,18.79,20.17,8.19
Dakshina Kannada,Karnataka,88.57,968,66.73,88.24,77.69,60.89,13.34,69.49,51.82,74.45,47.66,50,64.19,27.88,41.86,41.39,65.77,32.25,10.67,69.04,53.49,2189,73.12,43.53,26.57,81.01,7.49,4.33,4.65,5,35.16,81.03,65.81,60.5,84.58,11.98,5.92,50.04,41.43,40.37,95,18.87,3,23.51,51.99,9.43,5.57,52.57,0,61.72,88.37,64.38,77.73,82.03,55,9.96,4.19,7.04,13.41,8.42,13.64,5.78,24.62,3.61,21.53,14.3
Bokaro,Jharkhand,72.01,930,61.67,61.22,81.16,46.52,49.95,85.74,75.01,47.57,60,50,45.65,55,64.18,33.58,49.98,26.72,8.79,32.78,71.9,1528,70.5,28.36,32.21,63.22,20.89,8.82,13.64,38.17,35,66.08,55.55,79.22,37.53,66.37,6.06,38.79,68.07,73.27,60.78,19.76,19.48,43.99,63.74,20.44,13.99,60,1.53,55.11,71.38,70.03,72.07,81.01,55,5.95,3.63,9.56,9.2,4.62,0,3.89,0,23.01,16.15,10.12
Dhule,Maharashtra,72.8,909,55.23,60.49,70.48,50.4,38.32,73.41,46.49,64.86,46.44,47.98,42.6,52.67,23.79,48.03,55.51,43.01,26.87,45.96,28.26,1394,62.5,33.9,2,64.91,23.39,18.99,9.54,41.37,30.04,69.6,49.7,84.54,65.88,37.64,6.41,37.79,45.08,50.27,61.29,27.09,6.1,29.17,70,29.48,13.05,60,2.12,73.09,42.99,32.07,36.25,32.49,55,9.29,3.31,5.95,4.66,5.18,8.44,11.89,13.57,13.1,17.45,7.6
Churu,Rajasthan,66.75,978,54.4,58.46,57.91,50.1,53.09,54.29,65.51,60.76,67.18,50,35.77,55,44.21,33.75,64.01,10,18.33,34,33.01,2392,65.56,33.83,23.97,57.83,19.21,7.85,5.14,31.77,35.31,67.11,51.31,52.75,39.93,66.26,9.39,41.74,43.21,86.61,67.25,14.47,42.32,25.6,61.71,18.18,8.48,60,0,65.52,42.72,48.45,43.65,46.23,55,4.95,3.15,6.3,2.55,2.36,13.36,6.06,0,17.9,13.99,10.34
Pali,Rajasthan,62.39,960,72.79,64.41,53.72,52.59,16,71.16,95,38.99,63.42,50,71.36,55,17.43,48.28,40.77,29.13,30.22,39.93,49.04,1240,67.38,32.76,30.11,44.28,12.37,7.93,8.49,35.5,24.54,43.72,30.5,69.43,46.99,57.02,4.59,33.54,62.53,90,62.26,48.79,13.44,36,70,7.59,2.49,60,2.21,76.4,43.06,53.59,47.24,51.23,52.82,8.28,6.55,7.38,0,0,12.2,22.11,15.04,5.08,14.15,7.69
Mahesana,Gujarat,83.61,927,65.24,76.61,65.78,58.57,5,63.85,56.96,59.48,32.68,50,56.01,55,42.16,69,56.3,63.69,19.73,63.25,51.88,1215,69.14,49.32,40.4,90.01,23.95,15.3,5.43,50.82,43.07,64.54,65.27,49.86,52.77,48.66,5.16,40.28,44.38,73.57,76.86,25.29,37.62,39.81,53.53,19.36,6.59,60,0.26,34.98,41.35,55.2,43.86,46.59,54.88,9.3,1.22,10.81,13.25,4.19,0.97,10.96,8.81,18.67,17.08,14.83
Banka,Bihar,58.17,899,45.04,48.63,64.62,46.91,34.09,78.41,45.99,53.97,55.81,50,21.46,55,31.58,38.89,44.55,45.87,29.52,34.67,44,2554,54.6,21.66,2.43,45.42,16.09,9.42,1,26.74,23.37,47.9,36.76,76.6,89.37,7.44,4.84,38.25,54.12,25.36,87.04,35.57,40.73,26.65,63.13,30.92,11.59,60,0.78,72.75,63.16,63.85,62.06,66.1,55,7,6.23,5.01,5.32,4.36,8.94,15.12,0,12.4,16.05,4.7
Gwalior,Madhya Pradesh,76.65,985,56.01,72.37,58.55,70.04,45.36,63.72,59.45,58.98,48.97,50,68.59,55,54.99,47.21,52.54,37.22,5,62.29,48.03,2114,60.05,35.56,34.47,68.63,6.11,2.02,5.39,29.98,54.82,65.07,52.41,59.81,85.54,7.99,9.97,38.83,55.42,11.74,61.3,24.89,39.82,23.66,61.02,14.95,8.98,47.1,3.48,57.21,49.96,63.12,54.45,51.61,52.11,2.72,0,10.69,0,5.13,18.38,3.43,19.53,16.62,21.79,13.39
Pilibhit,Uttar Pradesh,61.47,976,58.54,47.61,55.41,46.84,6.52,89.11,37.69,29.49,62.39,50,49.14,55,20.88,16.71,25.82,30.53,24.68,34.46,53.37,3043,43.99,33.75,39.73,47.07,28.36,14.32,8.3,36.42,34.79,45.34,31.89,77.21,77.74,23.36,7.74,27.98,22.87,56.1,52.15,36.97,3.84,2,70,20.86,4.3,60,6.84,65.56,38.3,50.41,39.87,43.13,55,1.23,0,2.1,2.92,0,16.14,12.29,5.26,7.61,8.19,12.68
Firozpur,Punjab,68.92,946,54.88,66.8,60.31,51.36,21.67,76.91,92.76,42.38,70,50,40.58,55,45.87,50.32,44,46.27,36.71,57.1,29.26,1818,57.02,34.41,2,40.38,21.54,5.92,6.27,13.04,25.87,54.02,36.68,88.5,62.6,35.38,7.03,39.57,42.3,71.32,94.62,2,45.72,27.56,70,10.57,4.42,60,0.28,63.68,34.96,68.44,53.08,52.36,55,7.17,8.23,19.03,2.69,0,15.8,4.97,18.69,10.49,10.27,9.91
Madhepura,Bihar,52.25,1024,37.69,49.89,43.94,21.39,67.68,75.87,48.6,37.42,70,50,27.24,55,28.96,17.63,45.84,42.35,25.09,49.67,47.46,1677,33.51,28.36,25.74,37.02,16.81,17.95,3.38,32.27,38.83,44.6,23.03,68.94,65.39,33.07,4.63,26.52,42.88,64.02,66.8,16.54,35.88,22.43,70,18.2,2.28,60,0.57,85.2,89.52,65.5,77.53,78.94,55,3.1,0.93,14.36,5.02,0.55,22.76,9.1,7.15,3.23,8.49,2.55
Jhansi,Uttar Pradesh,75.05,907,74.5,65.39,50.06,26.23,35.45,85.87,39.54,49.49,46.56,50,59.27,51.25,44.55,40.01,68.16,36.13,22.35,62.67,59.08,2581,56.29,35.47,27.41,52.21,2.29,1,1,33.85,29.78,62.66,55.79,56.13,84.8,20.81,1.58,33.14,49.13,41.98,39.43,18.74,41.26,14.92,58.28,22.09,9.95,60,1.93,37.09,66.08,64.21,65.88,69.24,51.6,10.22,4.32,7.63,16.55,5.25,2.28,6.24,10.21,17.33,11.97,18.19
Ujjain,Madhya Pradesh,72.34,889,73.45,59.24,65.25,54.52,49.37,89.57,28.29,53.18,58.8,50,48.17,55,51.29,54.92,40.47,38.36,23.61,47.2,28.88,1469,66.22,39.86,16.08,70.22,10.55,6.22,9.3,64.47,21.02,62.66,53.14,56.46,74.62,32.22,14.53,37.25,47.94,28.25,92.93,18.64,55.62,24.54,60.75,20.01,6.63,60,2.71,89.21,42.16,41.54,43.94,44.73,45.97,0,3.2,10.67,10.69,6.76,9.03,15.2,0,19.73,20.14,12.72
Kottayam,Kerala,97.21,922,71.9,81.28,77.58,67.1,43.57,77.76,66.94,77.89,38.15,50,48.79,55,38.07,70.68,56.59,46.81,21.81,46.79,65.89,1608,78.52,46.12,14.12,77.77,38.19,24.15,20.02,29.63,53.43,69.59,49.78,10,62.32,31.5,6.85,47.83,52.67,71.74,81.89,31.22,41.12,21.99,39.53,15.55,7.73,43.9,0,75.6,73.19,61.41,66.59,68.74,39.42,11.27,5.03,3.16,8.94,1.51,11.16,11.61,15.55,18.91,11.94,11.7
Ganganagar,Rajasthan,69.64,948,38.56,66.42,65.27,43.6,5.43,68.75,62.34,65.89,61.46,50,66.62,55,48.03,36.19,50.57,23.84,17.76,54.57,41.27,1643,64.88,40.59,28.01,55.08,2.92,7.38,8.2,38.6,61.19,54.79,33.89,43.74,88.76,10.19,18.84,21.01,39.21,88.45,89.02,32.05,13.44,29.03,70,22.54,6.79,55.1,1.6,67.28,37.71,69.26,50.67,57.7,55,6.2,4.15,11.81,11.79,4.17,7.34,10.59,9.56,0,16.64,12.42
Morena,Madhya Pradesh,71.03,960,68.35,72.53,55.83,52.16,35.06,56.71,35.05,53.05,63.19,50,45.38,55,32.24,37.71,30.41,37.88,20.88,48.47,35.34,2011,62.77,31.44,12.62,51.86,15.49,19.73,9.78,51.54,17.13,56.78,44.02,76.65,76.66,21.17,11.09,38.83,43.88,42.94,86.51,24.11,39.15,23.65,66.64,24.36,8.97,60,1.42,43.5,52.94,41.78,48.27,50.06,55,2.58,7.13,13.23,14.34,3.26,11.62,16.81,10.8,19.57,21.14,3.95
Jalna,Maharashtra,71.52,940,51.79,59.91,73.7,49.46,33.93,69.77,56.53,64.37,69.18,50,65.02,55,52.49,34.52,47.04,37.21,29.77,40.28,20.25,3795,75.6,31.17,17.39,61.54,17.84,12.4,8.11,19.93,23.36,74.09,51.59,77.4,66.36,35.21,15.32,57.2,66.8,69.85,95,24.41,8.95,32.36,65.7,24.88,11.85,57.23,3.64,39.92,51.3,52.1,42.93,43.49,46.24,4.19,0,10.33,9.11,11.1,17.5,10.08,12.43,13.47,11.41,15.43
Chandauli,Uttar Pradesh,71.48,964,66.52,67.54,52.69,61.31,31.89,70.59,14.83,67.19,56.87,50,62.82,55,43.33,28.51,34.1,25.61,14.46,44.47,30.76,961,64.95,43.35,29.75,55.03,21.2,12.99,1.69,59.76,48.34,33.55,23.39,43.31,53.74,34.93,11.97,23.27,38.09,90,49.45,54.29,29.12,29.09,65.89,16.66,7.04,60,3.85,56.59,57.73,75.04,66.06,68.87,55,5.19,6.01,13.51,12.76,3.85,11.55,15.15,3.11,0,21.66,19.22
Kota,Rajasthan,76.56,900,42.72,54.29,81.88,54.45,39.22,79.28,48.7,71.55,70,50,43.58,50.09,39.59,38.32,68.45,51.03,23.73,67.94,54.43,3366,73.99,49.99,41.05,73.01,3.03,1,1,66.75,34.4,45.47,23.99,61.29,52.11,40.59,8.63,31.12,44.63,51.59,53.07,28.9,22.95,42.28,70,14.03,10.24,60,2.69,74.53,40.87,56.34,50.9,49,47.51,7.93,3.85,8.96,4.44,3.72,0,19,17.15,5.26,21.1,14.78
Dhubri,Assam,58.34,1008,57.68,48.41,35.44,33.37,33.97,73.86,54.06,46.87,70,50,51.17,55,25.01,15.65,35.23,39.97,11.7,29.46,44.77,2864,52.8,31.06,26.46,52.01,19.74,5.61,15.54,34.48,39.43,55.17,43.11,54.21,55.95,43.46,5.61,62.86,41.54,51.95,57.62,2,30.14,20.59,70,34.7,12.44,60,2.24,64.91,56.93,48.59,55.9,59.35,55,1.1,0,8.49,3.55,2.55,14.38,10.7,9.62,5.23,9.92,4.74
Davanagere,Karnataka,75.74,947,49.69,67.95,68.58,62.92,38.19,86.26,79.15,43.67,47.48,49.44,46.5,55,51.54,53.64,70.76,51.22,15.82,57.7,42.92,3610,66.87,32.39,21.6,59.8,2,1,1,25.29,31.61,59.89,46.81,71.79,70.23,33.7,4.09,26.95,34.45,65.08,57.19,34.24,8.87,48.36,60.59,20.1,6.34,58.04,1.58,73.67,28.77,73.39,49.49,54.85,47.79,2.16,2.41,5.7,2.87,0,10.93,11.3,26.77,13.63,19.24,3.4
Virudhunagar,Tamil Nadu,80.15,995,72.42,65.77,71.85,53.93,24.13,70.64,29.58,66.81,70,46.58,37.44,55,59.21,52.82,68.23,35.86,32.02,58.28,57.89,5023,77.45,30.14,13.8,74.93,18.97,8.35,12.7,64.29,45.79,62.24,55.44,95,77.04,23.34,12.48,54.1,55.39,49.88,66.84,31.71,10.48,39.81,70,16.94,10.49,60,3.1,43.05,49.35,42.47,39.19,42.41,55,4.7,0,11.78,8.18,6.94,0.1,14.77,10.12,9.32,11.9,17.48
Palamu,Jharkhand,63.63,964,52.87,50.71,48.4,49.81,40.47,77.32,19.43,57.47,65.09,50,40.3,52.38,28.6,44.9,39.9,13.01,5,40.97,49.52,3488,59.44,33.38,7.87,54.15,11.48,1,4.24,49.32,55.93,58.01,42.3,72.17,36,67.36,9.06,28.98,30.75,79.11,57.65,38.91,23.71,44.84,67.15,7.18,1.77,60,1.05,65.67,75.03,22.86,41.05,43.25,53.17,5.88,0,4.82,0,4.2,7.92,17.18,10.66,7,7.22,8.95
Raichur,Karnataka,59.56,968,40.13,48.93,57.96,36.92,5,92.21,27.09,44.98,55.91,50,45.67,55,19.16,24.28,32.99,40.39,26.94,48.14,37.59,3033,52.31,17.98,33.31,50.8,9.34,11.47,1,36.48,18.42,50.33,35.08,44.6,26.96,74.03,10.47,30.74,30.93,47.73,47.16,32.18,26.88,30.03,56.69,11.54,3.38,60,6.09,81.43,70.38,37.53,55.87,61.07,50.76,8.87,2.69,11.07,12.3,3.83,2.32,10.64,4.86,15.29,9.59,7.37
Sonitpur,Assam,67.34,973,51.43,62.65,71.57,40.64,5,82.1,18.27,66.2,70,50,42.51,55,45.37,26.06,46.84,30.7,32.69,63.46,31.74,1019,58.88,20.47,18.16,45.54,26.35,19.24,11.78,60.68,49.32,45.33,21.54,56.43,44.87,61.51,11.26,31.71,33.95,54.44,51.88,14.14,24.04,23.62,54.11,13.86,6.69,60,0,86.78,44.56,68.18,55.31,55.86,52.78,7.08,7.56,10.52,5.03,5.55,9.56,6.81,3.32,18.06,20.22,14.76
Saharsa,Bihar,53.2,968,51.76,46.57,30,38.08,38.01,77.28,71.73,47.1,70,50,34.17,55,11.88,32.56,38.53,20.91,8.04,34.28,37.21,1132,49.53,27.08,33.81,44.65,15.64,8.91,10.54,58.78,37.42,51.81,47.67,86.04,54.66,52.77,9.42,32.45,22.53,29.04,60.59,35.68,50.31,20.54,70,22.52,8.52,60,1.69,46.19,32.11,58.33,51.27,53.99,55,4.44,4.94,15.72,10.31,0.27,8.48,14.33,18.27,14.32,8.35,5.62
Patiala,Punjab,75.28,976,62.52,52.08,68.96,52.82,47.77,70.78,75.97,63.53,54.5,50,64.13,55,25.74,45.94,57.39,27.56,11.52,50.26,51.01,2524,58.62,26.13,16.05,66.56,22.74,20.33,7.76,28.95,23.53,56.65,49.63,29.83,83.53,12.67,6.11,17.66,61.56,50.76,82.16,26.19,35.93,48.03,64.69,16.15,5.53,58.46,4.74,59.72,22.25,51.09,32.44,39.66,55,6.95,7.9,11.92,1.43,10.31,3.37,12.86,19.37,5.37,15.26,14.34
Haridwar,Uttarakhand,73.43,1003,65.92,51.24,37.8,56.2,38.2,70.4,51.4,66.11,50.91,50,52.47,55,27.63,42.29,44.96,38.41,21.99,57.62,52.15,672,56.71,33.95,12.21,73.08,23.07,9.64,13.01,39.48,47.09,50.02,37.74,45.7,56.95,47.47,12.05,38.08,53.26,36.86,56.37,37.55,35.55,40.16,69.86,19.12,5.57,60,2.2,59.89,64.26,66.98,66.65,68.81,46.07,6.66,4.23,0.22,11.44,0,12.26,14.28,9.61,17.93,9.66,11.11
Bagalkot,Karnataka,68.82,958,76.38,57.69,50.08,45.49,15.36,67.79,69.43,56.16,56.98,50,39.74,55,32.87,37.82,57.2,58.34,35.24,57.36,51.68,2754,69.9,37.17,25.05,52.48,30.7,15.86,4.07,45.38,38.72,61.14,35.22,72.2,66.59,35.95,7.21,29.06,55.19,61.23,77.15,43.57,24.65,14.9,58.24,7.53,7.1,60,4.34,55.6,59.18,52.67,60.91,66.39,49.61,4.99,8.65,5.68,12.53,10.33,5.59,13.49,13.73,9.99,18.1,11.31
Farrukhabad,Uttar Pradesh,69.04,978,41.14,65.34,76.17,29.96,25.81,71.51,47.68,33.74,65.72,50,55.35,55,21.94,61.95,52.53,33.45,35.17,47.05,25.08,279,73.6,35.63,19.08,76.91,5.92,1,1,35.52,39.07,60.78,35.87,83.89,69.52,43,8.36,11.64,54.38,25.04,45.18,23.54,10.51,38.73,63.68,30.24,11.64,60,6.43,78.62,60.79,46.44,54.23,59.47,41.85,6.47,8.34,5.55,7.41,4.96,17.62,11.03,20.45,22.24,17.97,16.87
Krishnagiri,Tamil Nadu,71.46,946,74.77,45.08,55.63,45.69,33.93,87.07,43.1,51.75,69.9,50,52,55,16.04,47.99,48.05,27.65,29.12,46.97,36.76,3237,53.31,15.68,5.53,65.2,27.19,21.55,10.34,9.96,43.34,56.88,38.28,70.18,43.58,52.43,10.87,48.46,45.48,72.64,17.02,35.51,29.94,17.1,57.79,13.1,3.55,55.09,4.67,95,80.36,63.36,67.08,67.4,55,0,1.15,5.34,9.11,3.84,11.84,11.32,14.74,14.16,10.77,8.76
West Nimar,Madhya Pradesh,62.7,1008,53.07,52.93,44.02,51.83,8.68,75.34,38.34,57.87,68.08,49.75,18.67,55,20.86,61.27,38.63,44.17,31.47,21.71,14.84,1910,47.94,19.54,41.81,41.14,18.16,7.75,8.26,18.11,30.28,70.09,60.29,45.87,88.28,11.14,7.76,10,42.92,39.32,63,37.4,55.3,30.89,70,20.88,7.46,60,0.6,48.29,57.29,43.89,58.91,64.61,48.05,9.73,4.21,13.83,2.9,7.01,9.7,13.51,15.91,17.37,0.95,7.08
Kanniyakumari,Tamil Nadu,91.75,923,64.82,78.89,72.66,61.25,38.96,61.8,38.79,66.53,45.97,31.91,68.51,46.09,58.17,70.28,62.79,52.95,43.37,56.44,64.01,2314,87.13,41.39,12.48,71.23,14.22,9.32,10.4,10.55,51.3,81.38,63.36,68.73,50.03,44.81,1,69.32,66.42,87.11,55.85,26.9,33.14,36.91,64.38,14.76,6.97,56.26,0.69,71.37,58.42,57.84,62.87,63.59,55,8.19,1.83,0,7.18,3.96,17.27,2.75,13.52,19.3,16.54,12.95
Mainpuri,Uttar Pradesh,75.99,1022,48.69,78.11,85.07,50.73,50.38,99,14.04,57.8,69.39,50,57.11,53.46,26.54,66.03,46.22,17.56,9.11,41.8,43.05,1526,68.86,28.07,31.13,75.96,6.51,9.24,4.83,43.87,44.69,68.82,39.67,66.29,90.08,5.06,12.16,44.32,65.58,79.67,51.77,48.5,45.58,44.5,70,16.45,10.96,60,2.63,69.43,34.04,37.28,34.98,38.45,55,11.99,3.57,16.12,10.89,7.8,12.3,16.65,9.08,15.84,17.41,6.59
Sonbhadra,Uttar Pradesh,64.03,948,51.13,54.93,38.3,54.68,54.83,81.84,50.29,41.07,58.45,50,45.02,53.41,31.13,25.52,47.2,44.96,29.37,51.67,43.59,491,59.84,30.28,30.1,64.37,24.07,22.5,3.65,13.68,44.17,81.01,63.99,65.02,59.73,42.2,13.02,15.56,31.23,64.64,50.02,37.55,47.35,29.85,70,12.65,4.55,60,3.89,69.75,79.36,33.13,58.7,59.14,55,2.76,8.97,13.99,5.79,5.92,12.73,12.25,15.31,9.68,12.74,13.35
Dharwad,Karnataka,80,893,74.22,74.68,56.49,48.88,36.71,61.12,44.19,77.27,62.31,47,64.92,53.97,67.36,55.12,57.85,70.54,39.91,53.56,30.29,3311,75.17,32.17,4.89,68.14,8.78,5.56,3.93,38.46,25.67,57.24,36.22,56.06,55.92,45.11,1,54.66,76.2,27.32,54.39,17.98,37.83,25.39,70,21.37,5.96,55.15,5.41,84.99,52.54,36.15,46.83,50.3,55,8.29,2.08,9.93,13.11,7.14,10.67,5.77,24.19,20.44,16.4,15.21
Darjiling,West Bengal,79.56,955,63.39,72.59,81.69,40.26,54.08,72.7,59.91,76.08,49.38,47.53,48.97,55,43.17,42.55,59.33,13.57,5,52.86,64.55,3402,65.7,34.83,7.97,68.83,23.18,16.99,10.52,67.97,59.25,53.18,35.71,59.06,42.01,60.7,3.83,29.41,37.65,43.7,50.19,28.12,33.08,27.53,54.68,11.16,10.22,60,1.43,70.6,42.75,49.58,48.09,51.01,55,0,0.44,10.75,0,8.12,9.43,10.93,9.88,18.98,17.66,11.9
Jyotiba Phule Nagar,Uttar Pradesh,63.84,923,67.99,42.54,75.07,43.08,5,79.33,46.87,42.19,66.01,50,48.05,55,39.22,18.34,64.16,22.09,22.88,44.6,23.97,1884,56.9,33.22,16.38,44.95,37.28,19.71,5.55,60.7,21.25,60.44,53.1,39.85,65.55,37.05,16.1,23.35,39.11,38.87,51.55,35.32,16.17,39.8,69.81,21.51,9.01,54.14,2.03,32.96,58.12,39.63,44.73,47.41,55,0,0.64,9.38,5.69,4.48,13.02,16.59,18.2,9.84,10.21,5.88
Parbhani,Maharashtra,73.34,984,45.49,71.38,61.64,46.5,48.9,98.46,41.75,58.52,54.86,50,35.67,54.81,28.98,61.96,51.35,10,10.25,42.64,53.3,2796,64.36,28.79,9.61,72.91,27.8,26.49,9.56,5,49.48,52.31,45.36,95,95,5,8.93,14.19,48.74,41.12,44.62,48.04,27.08,36.46,54.84,18.05,6.9,57.08,2.5,43.45,85,40.08,63.51,67.77,48.19,5.05,2.81,9.79,0,7.89,18.62,11.45,14.09,11,8.39,0.02
Jalor,Rajasthan,54.86,924,46.02,50.88,38.27,28.74,15.86,64.7,27.58,36.19,66.53,50,42.47,55,56.13,29.39,50.7,31.53,19.06,53.93,34.33,1848,39.76,25.27,40.72,38.73,31.91,19.91,9.83,11.98,31.13,45.32,42.73,61.14,69.44,29.35,8.01,17.67,41.35,83.38,33.06,32.45,24.95,26.8,70,24.04,9.83,60,2.46,49,87.03,47.54,71.67,73.13,55,3.69,15.24,14.63,8.26,6.55,0,6.34,9.46,6.31,14.67,4.89
Jajapur,Orissa,80.13,932,52.57,75.67,88.04,54.34,47.69,89.71,46.44,68.03,48.15,50,75.62,54.98,37.58,35.42,59.38,56.95,34.15,69.07,45.8,2460,70.63,27.96,17.6,74.87,10.81,7.43,1.16,21.02,28.7,47.24,35.24,68.97,66.87,28.28,6.29,29.7,70.7,52.25,31.86,28.47,34.62,4.64,62.21,24.83,6.2,43.9,5.99,53.77,40.44,48.84,46.15,43.79,55,10.19,8.42,7.88,6.15,9,20.34,3.63,18.37,18.51,11.6,11.1
Akola,Maharashtra,88.05,874,74.67,99,88.18,66.55,44.11,94.79,59.76,73.92,60.62,42.18,51.69,55,45.69,47.86,59.85,50.29,18.12,77.82,49.59,2883,84.74,37.71,30.68,85.66,25.63,14.63,10.97,13.96,54.77,70.71,60.1,53.64,50,46.49,3.88,51.8,64.74,43.16,95,40.17,10.2,2,36.34,16.46,6.45,51.15,2.79,62.91,72.63,25.18,50.1,52.93,53.11,10.71,0,12,6.3,3.9,5.96,22.32,17.67,17.03,11.6,5.61
Faridabad,Haryana,81.7,932,75.14,58.94,74.89,57.1,63.83,70.46,22.13,70.94,43.65,50,49.59,55,60.74,39.47,56.91,62.55,29.71,64.02,41.36,2700,66.77,35.82,26.16,69.83,6.56,10.26,1,5.23,33.59,42.28,27.02,74.91,72.66,27.06,7.22,53.32,55.89,41.54,64.05,22.37,22.48,29.7,68.03,21.93,11.05,57.82,3.31,61.78,60.04,12,34.41,40.54,52.04,11.13,3.89,4.64,9.96,9.1,11.96,1.31,16.48,16.14,18.84,22.23
Mandya,Karnataka,70.4,853,53.59,75.43,52.64,52.35,24.12,74.67,46.75,57.5,50.36,50,42.18,55,36.54,33.92,50.17,50.17,32.79,48.99,57.78,3407,61.06,39.08,23.17,67.58,15.67,11.18,7.15,34.8,51.55,52.56,37.36,32.03,64.84,36.15,11.9,19.68,57.03,45.43,87.87,13.12,35.66,12.83,70,15.41,9.82,54.6,4.82,37.65,69.81,56.4,60.39,65.74,55,8.39,2.11,11.66,5.86,2.68,2.41,11.68,23.49,10.87,8.55,12.22
Kendujhar,Orissa,68.24,887,30.14,59.4,58.87,65.9,45.36,65.56,49.66,76.49,70,50,49.07,55,38.11,38.28,52.15,59.55,31.5,63.92,41.1,2667,59.66,39.75,20.48,72.79,35.41,26.82,14.63,47.69,29,52.35,36.65,23.09,60.87,42.68,7.94,36.91,49.17,64.59,62.34,33.45,20.17,20.65,61.43,29.53,10.74,54.42,6.18,40.87,59.15,52.23,50.97,55.31,55,8.56,6.96,7.64,18.23,0,18.46,7.07,24.01,19.57,9.56,12.41
Banda,Uttar Pradesh,66.67,980,56.99,62.01,56.73,43.24,30.81,75.56,30.64,43.45,69.78,50,36.04,55,33.29,60.77,38.74,52.26,29.61,39.86,24.77,2225,54.39,42.81,34.85,58.81,11.92,9.52,8.51,52.17,18.73,46.44,35.02,57.39,70.91,32.13,10.44,10.92,38.25,25.71,62.84,20.46,17.18,24.28,68.91,16.13,7.02,60,2.93,33.22,64.22,28.08,48.42,48.8,55,0.87,0.46,11.14,10.23,0.91,4.09,15.21,13.32,4.56,21.24,9.4
Banswara,Rajasthan,56.33,981,51.61,50.38,54.92,42.21,26.42,77.56,33.24,29.2,42.35,50,43.64,55,27.68,25.8,26.96,28.33,16.16,30.72,29.19,1515,53.3,26.3,10.1,46.48,29.11,17.82,5.69,26.46,49.39,24.89,10,95,29.31,78.48,15.06,31.95,45.2,56.77,69.6,57.59,18.92,51.92,59.89,17.39,10.67,60,5.52,41.69,74.82,56.98,65.24,69.25,50.09,11.6,0.89,4.68,7.12,4,16.61,3.92,12.36,14.05,19.21,11.4
Ramabai Nagar,Uttar Pradesh,75.78,967,65.88,65.23,78.77,47.95,37.71,85.92,49.61,56.27,48.88,47.13,61.51,55,46.13,65.38,60.8,43.69,20.75,47.03,47.01,1769,58.97,31.41,40.72,63.88,28.16,22.95,3.84,30.11,43.85,35.5,24.82,82.17,60.19,34.95,5.68,62.77,49.78,62.62,74.6,28.04,26.19,28.47,55.95,15.25,6.21,58.77,6.66,79.87,28.76,56.95,38.83,37.45,45.46,11.01,2.29,11.25,4.3,5.79,9.79,18.04,4.44,18.55,21.11,10.16
Hassan,Karnataka,76.07,911,74.41,64.47,73.24,44.79,27.96,91.08,22.33,47.12,36.24,50,58.59,55,48.47,55.83,63.43,32.61,11.82,58.48,56.42,2929,75.32,33.16,4.55,58.72,28.75,20.41,11.18,41.4,52.24,47.88,47.52,41.83,40.45,58.39,9.21,15.59,40.8,23.76,46.3,33.52,3,35.64,70,13.14,7.41,50.64,2.78,60.94,60.41,45.16,55.71,56.8,53.98,0.48,1.92,8.77,3.36,5.05,10.19,9.37,22.2,12.11,19.01,10.76
Hanumangarh,Rajasthan,67.13,948,44.64,62.72,47.86,41.14,35.07,69.02,52,40.12,50.22,50,29.31,55,29.2,45.03,56.09,35.8,8.58,39.37,33.02,848,62.07,24.11,29.38,50.94,5.33,1,1,33.05,26.7,58.39,35.05,68.32,62.52,33.05,12.02,21.02,57.84,29.48,59.3,17.46,19.55,33.05,57.2,35.27,15.38,60,1.87,50.71,37.46,81.35,57.64,61.95,50.42,7.87,5.95,16.82,8.75,7.36,4.7,8.9,12.56,4.83,19.21,15.69
Etah,Uttar Pradesh,70.81,950,64.91,53.11,74.79,44.78,36.55,54.39,27.09,47.18,26.13,50,59.52,55,29.75,51.46,52.58,41.15,23.52,48.01,36.03,3195,52.69,30.81,3.14,63.73,23.25,10.17,19.75,49.59,16.24,57.41,32.42,45.28,48.96,57.43,4.27,43.47,46.32,54.14,69.57,40.18,43.34,2,64.67,22.89,7.16,57.81,7.37,36.24,48.05,70.31,56.61,52.17,55,3.81,3,10.29,4.89,1.4,17.1,8.43,9.35,14.66,23.98,15.01
Chhattarpur,Madhya Pradesh,63.74,904,64.73,62.62,59.56,48.21,36.86,77.75,66.26,41.8,60.39,50,53.99,55,27.75,38.41,54.1,35.85,26.46,28.6,38.53,1947,67.76,31.06,16.21,52.87,16.43,11.42,7.58,42.75,55.16,49.86,27.41,66.53,50.19,47.3,8.71,41.91,32.48,80.94,36,24.68,34.53,22.21,56.96,19.54,5.07,60,5.24,49.81,55.01,43.61,47.82,57.13,48.79,13.4,7.01,11.47,10.96,10.17,10.26,7.04,7.4,17.46,18.22,9.52
Jamui,Bihar,59.79,1010,32.06,50.9,60.73,65.34,32.14,81.52,91.76,38.18,52.71,50,50.15,52.27,16.07,51.31,51,51,17.45,46.66,46.36,1463,52.17,38.55,21.12,53.44,28.88,23.31,10.34,28.23,32.81,37.27,49.25,68.09,38,67.78,15.49,18.82,32.28,76.65,84.46,23.51,35.88,12.36,70,15.19,9.25,60,3.02,74.11,39.88,43.91,41.32,38.05,51.43,2.1,1.57,6.79,6.67,9.04,14.59,8.16,7.36,19.62,13.21,17.06
Surendranagar,Gujarat,72.13,985,62.29,57.01,76.55,43.33,50.25,80.99,27.78,60.46,57.32,50,54.22,55,20.59,50.08,59.76,37.1,22.07,35.32,26.85,1211,55.53,18.84,14.16,49.39,2,9.5,1,5,45.57,58.77,47.8,76.53,82.08,25.18,6.64,52.98,52.81,44.05,80.94,23.79,4.41,47.73,68.44,27.9,3.14,60,4.3,72.13,46.28,26.67,37.85,47.3,55,6.37,6.6,10.56,6.68,7.81,0.67,13.59,23.55,16.27,18.79,10.49
Shimoga,Karnataka,80.45,941,60.3,69.25,56.18,52.15,57.12,74.08,55.68,59.33,35.48,50,58.52,39.04,47.81,28.29,48.7,34.04,22.67,46.99,54.33,2807,77.22,46.36,17.82,67.64,21.68,5.21,2.72,61.98,52.13,37.66,26.08,26.69,49.8,52.27,12.27,29,61.7,80.37,33.47,9.5,24.2,5.17,65.57,14.63,3.85,48.31,0.91,61.21,33.99,69.6,49.17,48.27,50.01,6.74,0.53,11.37,7.46,8.8,6.54,1.39,18.39,11.41,13.77,10.04
Thoothukkudi,Tamil Nadu,86.16,951,68.8,86.34,70.65,59.68,30.94,79.5,30.47,66.8,49.13,50,70.64,55,58.65,55.25,50.03,37.64,14.67,72.48,46.13,2187,77.19,34.41,3.36,81.48,20.26,13.3,9.35,22.65,43.36,33.63,25.77,32.69,50.76,50.71,7.44,61.27,58.59,49.25,51.81,21.99,28.38,21.95,60.66,19.97,3.8,45.05,5.22,60.99,46.1,53.95,53.06,52.32,40.47,5.79,5.84,7.23,6.39,0.34,12.25,6.26,4.07,18.98,17.96,13.43
Hisar,Haryana,72.89,958,63.14,61.85,57.06,54.98,51.77,96.19,65.82,64.11,52.12,50,70.26,55,50.54,53.14,48.49,49.31,40.96,62.83,39.84,3630,47.78,19.72,8.15,53.01,2,3.75,1,41.44,42.8,52.17,40.95,56.49,89.55,10.64,15.2,41.24,52.66,49.09,66.57,31.55,36.5,23.87,70,36.62,17.83,60,0,38.43,62.68,63.17,64.38,66.01,53.57,14.59,2.5,6.84,8.11,7.1,3.11,17.48,4.31,15.62,15.53,12.14
Cachar,Assam,79.34,868,59.63,73.92,50.89,58.17,24.81,82.58,19.69,56.31,67.42,50,46.01,55,15.05,44.14,56.4,27.83,13.61,59.28,71.62,1063,63.23,39.09,25.98,67.57,9.15,7.43,2.89,5,62.76,52.08,33.94,37.35,72.22,26.19,1.42,53.58,42.6,56.69,77.63,6.46,45.55,15.17,55.9,11.34,8.63,60,5.14,53.36,67.98,15.86,40.38,40.64,55,12.76,6.67,4.97,15.28,7.22,12.81,9.55,13.73,15.89,15.18,7.13
Hazaribagh,Jharkhand,69.75,940,50.56,57.66,63.8,61.67,45.67,73.52,54.61,52.17,70,50,59.61,47.45,35.42,43.37,47.92,37.46,21.67,51.58,39.49,1680,61.52,28.43,20.36,44.45,2,6.35,1.08,34.8,37.97,65.52,45,35.81,25.38,72.43,8.26,38.74,47.32,70.11,87.89,37.26,43.37,28.22,56.66,23.32,7.16,60,1.56,73.33,43.46,62.44,52.47,52.67,55,0,0,8.62,9.16,7.9,7.69,7.14,6.9,8.13,12.38,12.41
Namakkal,Tamil Nadu,74.63,923,61.31,72.47,88.63,27.98,49.07,72,27.54,61.36,63.08,50,51.38,52.94,27.82,37.42,34.74,58.25,33.66,46.93,53.83,2117,46.16,21.26,11.71,52.99,10.74,10.26,4.64,36.8,52.35,57.94,42.19,63.44,86.94,12.32,2.08,44.23,45.28,44.04,55.44,21.78,21.8,26.49,57.99,21.31,16.82,60,0,54.88,74.92,41.85,57.12,58.49,42.19,7.95,1.65,5.73,8.69,7.54,7.11,3.63,11.49,16.43,21.37,19.65
Shivpuri,Madhya Pradesh,62.55,910,41.04,61.09,37.26,19.92,5,75.96,40.86,32.63,59.2,50,42.49,55,36.13,21,62.87,39.79,9.71,36.06,46.16,1523,53.85,23.12,35.89,59.63,23.49,10.34,1.26,37.67,10.51,69.21,46.11,39.68,91.66,17.46,5.2,39.79,41.2,47.84,95,27.94,22.13,28.96,57.96,23.23,13.42,60,0,89.35,63.66,59.35,61.7,65.15,51.97,5.95,7.5,10.46,10.15,6.33,13.56,4.15,22.32,13.61,7.75,13.18
West Tripura,Tripura,88.69,939,60.66,92.76,72.33,57.12,49.61,97.64,24.38,51.31,66.64,50,46.72,52.94,43.77,34.61,59.91,48.45,37.14,58.46,39.05,2206,76.65,56.44,5.36,72.91,19.95,7.89,10.33,80,62.26,57.2,39.72,95,89.98,5,5.17,55.99,53.79,32.53,64.27,2,49.77,33.03,56.29,16.72,7.28,60,2.05,83.08,76.5,58.34,71.98,71.99,50.74,9.34,3.39,5.05,6.57,6.21,11.85,14.91,19.42,28.1,18.48,15.96
Sant Kabir Nagar,Uttar Pradesh,66.72,1022,61.83,58.82,64.77,57.68,28,75.8,61.45,54.48,44.44,50,43.86,55,43.8,21.59,50.1,37.93,15.11,31.57,17.89,2488,47.24,21.04,15.66,71.29,19.69,14.36,3.51,23.64,18.43,57.54,45.98,47.34,74.03,26.99,6.93,32.63,38.42,61.32,61.64,27.7,24.96,29.84,65.52,14.26,10.2,60,4.42,58.19,28.44,49.67,37.76,43.01,55,6.85,0,8.39,3.15,8.58,5.38,5.89,2.73,12.45,6.9,11.93
East Delhi,Delhi,89.31,976,60.49,85.06,74.28,46.86,37.2,77.76,28.26,74.85,32.38,50,52.54,53.63,48.89,61.61,75.5,37.3,20.49,65.04,63.44,2636,78.08,43.36,13.93,79.37,7.6,9.89,2.11,49.77,61.23,61.09,37.84,52.6,42.17,61.39,3.25,31.71,62.71,71.8,73.43,12.48,14.84,31.57,59.17,20.81,6.4,50.82,0.22,61.02,59.67,38.84,49.82,57.96,35.94,2.75,1.88,4.27,0,3.13,16.62,14.02,6.93,24.55,7.82,9.41
Buxar,Bihar,70.14,927,64.27,63.81,59.46,19.02,57.35,72.21,56.04,71.13,57.08,50,44.46,51.87,15.82,12.2,27.14,29.78,22.65,49.59,29.08,3556,59.68,31.21,27.38,63.86,29.2,19.7,15.36,44.42,43.26,70.16,73.5,63.95,61.11,37.47,7.71,33.51,36.47,72.9,69.66,20.78,27.1,40.35,52,15.35,5.31,60,0.53,95,64.17,56.38,58.18,53.31,43.95,1.85,5.15,14.72,0,6.1,13.53,5.1,14.47,19.58,20,6.54
Valsad,Gujarat,78.55,973,68.54,79.77,53.07,60.7,32.32,91.19,38.12,63.03,70,43.96,44,55,31.6,39.13,50.94,41.93,36.85,45.65,27.16,1027,57.24,33.25,20.58,58.16,17.81,3.69,13.35,22.78,42.05,55.75,47.84,27.84,35.93,66.15,9.84,29.98,37.36,30.4,68.82,6.19,48.89,7.2,60.62,3,2.59,53.46,2.01,77.71,29.22,36.63,34.52,43.67,43.97,4.39,1.57,9.12,9.99,3.34,0.93,9.37,19.78,14.39,22.14,12.43
Bidar,Karnataka,70.51,1006,40.62,58.43,63.16,51.79,25.21,99,42.71,61.49,55.67,50,44.87,43.22,38.85,33.12,46.96,43.51,17.47,65.04,54.62,2504,67.29,32.09,18.7,56.85,18.34,6.69,1,49.5,37.59,64.03,37.86,68.17,46.41,46.07,1.87,27.39,38.88,48.11,94.94,14.42,17.33,35.4,70,12.4,2.88,60,4.62,66.05,90,66.81,79.23,86.28,41.15,5.52,7.48,9.08,8.48,4.54,9.48,9.65,8.07,18.88,11.67,8.86
Bhind,Madhya Pradesh,75.26,987,54.67,72.95,56.35,41.78,41.29,83.41,47.96,57.41,53.01,50,48.62,55,42.47,41.77,50.56,54.01,28.83,58.75,32.92,1618,70.67,37.26,2,58.11,27.4,21.27,9.71,32.04,38.36,43.46,12.77,64.83,42,64.63,5.46,56.47,57.7,77.42,68.71,23.04,24,14.45,66.95,16.47,2.74,52.75,4.87,67.79,45.45,38.45,45.94,49.27,49.99,6.78,7.26,11.98,6.41,0,12.87,6.23,15.21,9.63,15.31,5.5
Balaghat,Madhya Pradesh,77.09,952,74.76,68.02,43.21,44.11,51.54,78.99,29.76,62.9,39.33,44.1,54.93,54.36,25.53,23.98,53.37,44.66,37.86,60.88,36.98,2587,63.21,37.92,30.38,57,8.09,3.52,3.92,50.75,32.55,52.42,33.81,51.01,50.71,54.95,18.16,44.85,53.08,59.18,50.24,21.74,17.91,19.29,46.29,10.38,1.34,60,3.28,67.23,63.16,50.36,54.27,54.69,55,3.72,6,17.88,16.45,2.39,10.44,10.38,10.27,12.92,13.97,10.16
Puri,Orissa,84.67,924,58.69,75.75,81.98,49.57,43.68,78.44,49.21,80.31,58.66,50,43.12,55,28.13,55.65,74.51,63.57,41.85,54.4,74.49,2588,70.38,31.8,17.39,77.28,20.29,13.78,1.07,70.3,44.1,60.56,50.89,63.48,64.95,34.56,9.32,47.48,35.27,55.61,52.4,35.61,43.39,28.45,57.57,20.21,7.49,60,4.97,64.75,68.9,38.07,55.56,59,45.04,12.82,7.09,9.41,6.86,3.69,0,0,23.51,12.56,15.49,14.5
Dehradun,Uttarakhand,84.25,978,63.54,76.47,79.35,60.08,63.05,49.39,75.61,49.62,58.98,50,44.52,55,47.01,35.27,66.5,66.39,45.2,58.96,30.63,1312,77.42,51.3,21.39,78.53,22.23,19.78,10.99,37.71,72.83,76.5,61.3,66.57,53.99,41.61,1,53.26,58.89,55.19,87.09,2.58,34.03,31.94,52.01,12.94,6.58,46.78,4.38,48.94,56.52,52.54,58.32,64.83,55,8.14,2.45,1.55,0,3.73,11.32,9.56,16.73,14.38,14.41,14.96
Barpeta,Assam,63.81,966,57.48,59.19,56.99,38.4,41.25,86.94,29.44,52.55,69.6,50,48.29,55,18.25,51.87,56.06,46.45,19.46,50.94,23.21,1389,52.63,38.43,11.02,57.43,12.54,2.14,4.85,29.94,50.72,23.73,16.91,86.7,53.22,50.74,2.4,39.21,43.23,64.75,75.26,24.38,42.96,33.35,68.2,18.65,6.45,54.73,2.17,58.97,75.79,33.49,53.33,66.44,55,9.5,8.46,14.91,10,4,14.79,12.23,11.84,1.46,15.06,6.24
Kishanganj,Bihar,55.46,986,54.43,49.1,53.34,43.76,5,79.61,68.44,59.23,60.43,50,30.85,55,10.48,25.81,41.52,47.43,25.42,40.35,27.76,2660,31.69,22.28,9.13,40.52,24.52,13.87,9.36,53.93,20.05,41.51,26.32,95,56.76,37.5,8.9,50.7,35.78,60.15,41.65,23.81,51.91,15.66,69.22,36.34,9.62,60,4.82,43.46,84.93,37.05,60.61,72.41,55,5.45,7.23,2.21,11.64,1.44,10.59,5.83,4.03,18.98,9.19,8.14
Jalaun,Uttar Pradesh,73.75,975,57.8,67.88,73.68,23.08,31.31,83.14,74.96,59.94,48.68,50,62.37,55,35.22,43.1,38.94,29.99,16.65,67.64,41.37,2221,66.58,37.18,37.99,65.33,22.77,12.19,4.3,60.14,43.77,51.16,31.14,36.77,88.99,5.99,8.4,10.84,45.77,44.64,40.92,19.51,8.83,46.57,70,28.82,12.94,60,0.43,75.87,38.36,86.71,63.11,60.15,40.86,1.85,3.61,6.52,9.88,4,11.28,11.07,6.63,11.75,16.83,12.72
Dakshin Dinajpur,West Bengal,72.82,992,53.64,76.58,64.58,42.41,30.26,69.46,28.68,70.1,43.38,50,53.23,53.14,34.19,43.74,31.54,27.62,9.71,48.94,32.97,2002,55.39,10,2,46.6,16.99,12.82,7.6,19.1,41.2,30.13,19.38,32.05,95,5,5.65,23.61,34.43,70.86,65.38,14.04,19.37,21.99,64.28,23.73,13.31,60,3.97,63.01,56.74,63.51,59.42,61.56,55,9.53,0,14.96,11.7,8.26,16.1,10.77,0,17.04,22.9,5.85
Khagaria,Bihar,57.92,929,62.66,59.03,61.69,29.28,36.94,73.39,15.9,39.2,66.09,50,46.61,55,21.32,37.68,27.35,40.18,10.71,35.5,20.85,2792,46.11,28.75,7.35,59.82,16.68,14.71,9.19,26.85,30.15,41.29,22.87,60.05,53.89,53.7,16.77,20.92,42.8,33.35,74.25,38.23,23.93,18.37,70,33.47,11.41,60,0.67,76.63,68.74,55.91,62.86,66.31,55,2.03,0,7.32,0,4.1,3.08,10.97,14.63,11.65,13.53,5.6
Chitradurga,Karnataka,73.71,1003,77.67,72.42,59.94,49.03,5,73.07,51.04,57.4,44.97,50,65.7,55,32.1,44.67,56.51,25.76,11.37,57.94,62.35,2859,74.32,37.75,37.77,52.27,23.24,7.7,8.64,47.16,28.51,37.05,24.6,16.42,68.05,35.15,18.47,19.45,35.49,78.8,54.83,49.57,30.96,11.74,62.79,18.42,12.36,55,3.29,45.88,30.5,58.23,46.39,54.08,41.4,0,6.97,6.14,7.38,8.89,14.68,3.28,17,11.91,15.37,11
Osmanabad,Maharashtra,78.44,958,73.62,67.41,79.11,49.53,80.3,90.26,34.05,61.94,41.16,50,51.81,55,43.31,41.94,56.3,40.74,35.28,42.26,50.22,1723,65.6,34.11,27.69,57.71,25.88,16.79,7,32.62,48.49,30.17,33.28,70.99,46.86,49.91,6.94,39.3,46.8,38.87,39.8,4.43,37.08,10.55,64.58,18.5,10.01,49.97,5.44,86.33,70.96,54.89,62.58,65.37,55,8.26,0,10.41,3.68,8.7,12.7,10.48,17.3,7.73,12.83,8.13
Kannauj,Uttar Pradesh,72.7,1033,60.38,59.21,65.46,58.87,46.59,73.45,82.37,39.05,52.14,50,45.15,55,31.34,47.74,50.15,50.6,30.83,60.13,50.64,1433,61.81,18.82,16.09,62.72,18.63,16.46,4.78,17.82,50.14,51.84,32.71,60.26,75.82,15.77,11.49,37.45,44.23,64.86,48.12,13.91,23.12,10.2,61.91,10.56,1.06,60,3.43,84.47,80.6,48.58,64.22,64.41,49.85,2.98,1.24,9.05,9.09,3.24,2.88,1.39,9.32,8.52,14.47,9.59
Sangrur,Punjab,67.99,922,47.91,67.88,61.13,29,38.03,99,45.7,43.45,54.31,50,56.31,55,38.24,46.39,45.51,55.96,44.57,34.59,39.15,1064,61.87,37.98,34.96,59.42,29.2,9.71,11.1,44.73,27.39,48.84,41.52,65.35,53.42,46.79,11.69,57.26,53.29,52.03,89.69,12.95,20.31,30.77,70,29.23,9.75,60,2.97,41.38,74.26,62.11,68.98,72.64,55,4.66,5.43,5.53,13.08,6.71,14.49,6.85,20.68,11.06,5.25,20.18
Balangir,Orissa,64.72,1019,45.24,64.38,44.37,45.76,51.56,83.17,28.96,41.24,55.79,50,50.4,55,31.03,29.65,67.19,34.31,22.02,51.69,42.31,2230,59.05,20.89,25.36,54.43,24.59,15.66,8.8,47.09,59.06,47.66,41.85,51.93,49.2,52.06,12.22,43.03,44.52,46.43,72.45,21.62,43.39,34.25,64.5,34.66,12.93,60,3.45,57.41,61.58,36.77,47.98,48.84,55,8.78,0.1,13.39,5.53,1.06,20.03,9.98,22.5,9.28,20.64,3.68
Udham Singh Nagar,Uttarakhand,73.1,958,65.05,76.1,65.38,56.75,74.01,62.69,22.06,63.71,60.8,50,49.3,50.15,42.22,48.98,44.29,33.75,14.13,44.69,55.05,919,54.78,31.08,22.79,53.25,2,1,4.32,28.98,58.47,58.24,35.04,63.1,95,5,5.44,29.61,54.95,79.44,80,40.07,37.65,16.63,70,26.26,9.95,60,4.33,59.04,78.09,75.53,75.76,83.49,55,2.28,11.3,15.14,9.61,1.84,12.67,11.04,9.01,8.29,9.83,16.66
Nandurbar,Maharashtra,64.38,924,57.47,53.71,48.53,63.63,46.69,76.46,66.8,56.7,62.16,50,58.98,55,45.95,52.93,56.13,41.04,34.84,49.83,26.67,2289,54.24,37.07,22.71,63.79,3.95,1,1,36.1,41.99,39.86,23.15,67.44,37.59,71.44,15.76,37.97,32.01,68.37,82.47,31.33,34.42,13.3,70,30.39,4.84,60,7.27,43.43,60.36,51.93,53.45,65.67,48.45,0,4.71,15.94,3.49,5.34,13.77,3.95,20.09,8.15,3.28,11.02
Gautam Buddha Nagar,Uttar Pradesh,80.12,931,79.11,70.5,60.7,51.27,57.3,70.18,33.58,65.69,49.05,44.73,53.96,55,54.14,56.54,57.1,32.18,21.01,65.16,51.25,3295,68.39,33.86,25.58,54.61,29.82,6.86,5.56,24.62,29.29,80.56,68.97,62,17.85,80,7.73,16.73,49.98,53.94,55.61,23.15,3,24.46,58.72,3,1,60,4.3,61.1,35.21,62.83,48.89,54.98,55,10.88,8.43,11.76,6.93,6.53,5.67,8.58,13.84,16.73,15.5,7.12
Bhiwani,Haryana,75.21,937,67.91,56.21,55.73,55.89,42.09,51.67,45.88,65.52,56.7,50,52.97,55,56.82,56.31,53.28,40.53,32.01,54.18,53.48,1882,66.1,46.08,26.07,52.06,15.53,17.06,6.87,15.29,46.18,55.97,34.57,31.1,75.23,13.36,9.69,38.3,54.15,86.41,59.4,25.2,46.89,28.17,69.13,37.72,13.43,60,1.99,73.37,47.17,75.17,62.51,69.44,55,5.77,7.13,5.49,4.94,9.84,7.91,13.97,9.84,17.92,16.81,14
Dausa,Rajasthan,68.16,967,41.09,58.6,48.64,29.67,33.77,97.19,64.12,51.62,49.19,50,47.92,55,47.55,42.96,61.07,38.98,14.84,35.72,59.43,1717,60.25,27.16,46.35,57.08,19.64,10.99,4.96,26.05,40.87,67.93,50.49,61.44,55.38,42.58,8.01,34.69,58.09,72.64,62.48,21.17,32.58,30.16,69.86,18.17,12.94,56.48,2.58,57.96,51.17,57.86,53.71,61.34,55,11.03,0,2.72,14.2,4.51,5.91,5.1,20.39,6.44,20.25,10.4
Kaimur,Bihar,69.34,971,67.52,69.38,81.32,24.62,29.47,86.44,35.31,63.55,59.45,50,39.19,55,41,30.37,64.7,39.33,31.91,39.57,64.98,3998,79.64,48.61,17.66,48.83,29.39,15.07,13.42,36.33,44.29,32.98,41.05,95,50.37,51.9,7.44,23.3,34.81,40.5,71.25,33.86,27.73,15.43,70,37.85,15.82,54.54,1.2,39.31,54.04,37.03,43.21,47.19,55,8.5,6.23,0,2.68,5.53,12.98,0,5.76,8.08,15.09,15.22
Janjgir Champa,Chhattisgarh,73.07,927,49.82,62.5,75.81,59.6,26.45,84.4,44.08,57.18,57.66,50,51.92,53.75,34.99,34.13,50.1,42.6,34.11,43.86,44.68,3559,52.7,18.55,18.03,71.89,17.94,13.3,6.31,8.45,59.27,45.17,41.72,62.82,95,6.93,9.11,33.28,39.47,14.31,81.34,35.32,18.53,24.99,64.15,32.85,10.75,54.83,0.52,76.59,53.59,69.51,61.26,62.73,55,8.62,3.95,14.17,7.35,5.29,8.41,12.65,4.09,14.23,19.24,13.6
Pudukkottai,Tamil Nadu,77.19,949,59.05,73.95,84.38,53.98,31.01,79.98,44.67,61.07,38.66,46,68,48.57,37.8,50.15,63.17,33.58,22.47,35.08,59.98,1512,73.45,48.65,5.16,56.19,18.37,6.73,9.05,27.37,40.34,65.69,49.95,60.74,75.14,23.98,3.26,29.11,54.79,56.92,93.05,32.1,21.14,45.81,59.48,25.18,8.76,60,0,53.12,49.93,77.14,64.73,66.77,55,6.65,3.81,9.97,12.48,10.38,8.1,5.29,10.62,13.08,20.09,12.36
Nagapattinam,Tamil Nadu,83.59,1036,70.19,73.9,57.1,70.3,24.9,61.42,58.67,63.93,59.8,50,62.96,55,35.44,61.47,62.97,38.07,16.39,69.79,18.11,2325,80.52,51.29,19.38,83.51,9.31,1,1,36.58,70.55,58.26,50.42,89.2,60.95,37.34,1,28.92,68.73,79.9,77.21,2,17.53,12.66,59.29,16.26,7.78,60,2.08,54.71,58.28,18.86,38.95,45.28,55,6.65,3.92,6.91,0,9.03,14.52,6.8,11.63,13.21,20.88,11.31
Ratnagiri,Maharashtra,82.18,1019,86.59,76.23,69.13,43.79,43.17,72.2,56.81,70.33,41.88,50,57.84,52.93,45.25,82.74,58.49,37.12,21.9,58.63,67.94,2496,73.8,44.34,42.35,78.13,21.7,21.66,8.17,56.5,50.08,47.32,35.04,43.09,49.26,40.74,7.15,47.61,54.84,65.99,77.32,25.16,3,26.65,54.91,20.27,6.97,55.26,0.19,90.22,77.56,48.37,69.65,74.29,48.95,10.54,7.16,0,8.73,6.15,19.35,10.65,3.14,19.4,10.77,17
Kaushambi,Uttar Pradesh,61.28,967,82.06,47.12,41.9,48.1,6.5,88.1,40.6,43.72,64.14,50,41.28,55,42.07,48.55,46.87,16.2,14.61,31.54,28.06,2383,46.89,22.64,31.81,61.97,23.87,24.56,5.56,29.37,30.22,26.64,28.13,75.79,70.02,30.41,4.48,43.14,31.48,83.33,93.9,22.76,18.55,33,70,3.72,1,44.02,3.19,70.95,58.21,54.66,54.47,53.26,55,9.26,8.94,3.08,7.44,7.38,10.56,10.39,15.94,11.95,14.81,7.62
Haveri,Karnataka,77.4,952,69.12,70.26,58.35,72.87,44.3,65.39,46.27,68.6,65.2,50,57.49,53.29,33.86,32.39,48.43,47.8,30.56,68.74,43.55,3833,79.11,32.29,13.48,80.89,12.22,4.98,1,12.57,71.36,66.37,33.41,47.4,30.81,67.5,10.19,43.63,38.93,44.23,61.92,36.9,7.61,15.39,70,26.45,8.92,53.35,1.98,52.86,64.43,45.78,54.65,62.62,55,3.64,0.42,0.17,4.28,6.05,3.13,15.11,8.32,5.82,8.55,6.01
Hoshiarpur,Punjab,84.59,955,66.61,55.19,60.8,63.41,45.21,47.62,37.56,57.84,58.5,50,66.71,51.24,46.08,41.55,56.92,58.03,39.63,52.2,56.05,2279,54.37,26.78,20.36,72.55,8.78,11.04,1,31.23,56.48,69.34,50.89,79.73,52.71,48.54,9.74,35.27,54.41,52.89,82.84,27.87,29.15,34.34,62.34,3,2.64,59.69,0.83,47.16,22.09,30.06,28.41,26.73,49.52,7.97,4.23,16.21,11.86,8.22,11.2,8.79,5.14,11.23,26.89,5.11
Etawah,Uttar Pradesh,78.41,975,69.15,69.26,78.36,57.65,44.25,75.27,15.45,52.86,53.3,50,60.98,55,35,74.39,50.16,53.76,40.35,57.39,45.2,2414,61.18,42.53,4.44,58.54,44.26,30.55,13.31,24.8,37.67,61.05,29.1,73.96,61.33,41.13,8.05,29.98,53.86,53.33,73.67,31.68,13.89,10.93,70,16.61,2.5,60,0,79.49,56.89,35.87,44.3,42.01,36.44,3.52,8.21,12.18,13.86,7.59,11.96,10.34,16.9,5.81,19.17,6.82
Sant Ravidas Nagar,Uttar Pradesh,68.97,909,65.6,50.66,55.87,48.36,28.55,76.3,50.15,59.12,54.99,50,44.96,55,40.45,38.81,58.84,36.34,16.62,40.03,43.74,2820,68,38.44,8.37,57.8,17.07,4.03,10.95,44.94,38.94,46.98,36.53,49.75,65.84,40.37,13.93,29.08,43.82,59.34,74.22,19.06,40.22,34.61,70,31.35,9.28,60,2.3,78.46,71.3,20.41,51.64,50.71,48.97,4.75,3.38,2.47,9.63,4.09,15.16,1.54,10.42,11.52,10.67,13.56
Kalahandi,Orissa,59.22,940,46.21,61.74,64.18,25.75,76.68,79.63,82.84,44.63,70,50,44.7,55,25.98,36.1,42.54,24.88,5.69,21.27,54.58,3271,47.38,13.63,21.79,45.8,11.16,2.61,1.62,28.92,40.19,34.21,23.77,52.68,59.44,35.78,7.98,27.23,30.86,68.81,61.78,36.27,6.7,27.52,68.24,24.77,7.13,57.57,0,57.4,73.7,65.28,69.5,74.2,55,8.27,4.61,17.18,5.81,5.3,9.38,13.14,19.35,4.02,13.72,7.43
Betul,Madhya Pradesh,68.9,883,74.63,67.45,65.83,61.79,56.74,86.74,27.33,49.93,65.41,50,53.03,55,29.02,29.81,36.81,48.38,28.73,34.59,36.73,3043,71.34,30.24,14.07,52.89,25.07,24.05,3.69,5,36.08,52.26,50.08,77.56,49.52,44.01,2.17,23.47,57.02,84.38,44.09,39.81,46.73,9.97,70,6.76,1,60,4.41,46.11,72.18,71.98,73.76,81.34,49.19,3.46,4.65,5.39,1.21,5.49,15.41,6.54,15.76,3.6,8.73,7.25
Mahamaya Nagar,Uttar Pradesh,71.59,966,60.99,67.7,84.57,44,19.29,85.65,29.54,62.97,50.86,50,40.04,55,31.21,61.74,44.3,48.46,26.44,45.63,29.91,2684,48.76,36.84,7.46,62.06,17.49,4.23,6.65,80,40.98,38.59,34.64,20.89,78.57,18.56,7.11,47.71,43.73,88.17,70.17,5.48,41.71,35.25,53.94,8.28,1,54.98,3.51,70.78,59.55,71.75,65.71,70.01,52.17,6.59,10.34,10.75,7.72,5.46,14.64,26.16,11.81,2.61,6.54,9
Dewas,Madhya Pradesh,69.35,976,61.99,73.06,45.28,53.59,40.1,81.11,27.59,49.09,50.44,50,50.23,55,44.18,47.61,20,42.28,31.65,57.53,63.37,797,50.05,31.43,25.88,56.45,7.14,16.05,2.62,37.56,28.34,44.12,28.88,49.16,32.27,64.05,12.68,31.7,51.48,85,70.24,9.45,15.07,16.25,66.81,14.22,8.38,60,2.55,73.91,61.21,49.53,58.43,59.12,53.37,7.52,6.25,10.76,6.39,3.48,9.51,8.93,19.59,22.41,18.25,13.72
Bharuch,Gujarat,81.51,931,72.79,66.72,80.57,41.43,34.79,92.35,59.49,62.68,30.37,50,35.44,55,43.67,39.61,53.04,66.69,31.42,60.52,55.23,1761,65.03,25.89,19.01,63.27,22.83,11.98,6.02,36.61,24.61,74.97,52.98,70.41,57,38.87,1,48.41,33.95,67.04,56.37,34.15,28.68,25.16,49.79,19.63,10.96,52.18,5.9,59.41,44.91,54.35,46.44,45.53,55,4.64,10.21,8.53,6.63,6.01,15.1,12.12,15.52,7.84,11.4,14.76
Rajgarh,Madhya Pradesh,61.21,1013,55.12,67.32,66.25,31.05,16.51,59.77,53.97,58.22,64.81,50,47.67,55,28.52,24.8,45.16,35.29,29.34,44.25,59.79,2937,55.37,16.33,2,50.07,9.47,14.06,2.67,7.25,34.94,26.46,22.89,51.84,52.68,54.54,7.62,13.91,54.56,48.84,63.55,22.93,18.04,34.56,68.52,26.01,11.22,60,3.02,48.45,67.68,67.12,72.12,78.81,51.01,8.88,9.23,7.48,5.01,3.47,15.65,13.19,12.88,9.44,11.34,9.83
Chittaurgarh,Rajasthan,61.71,901,59.67,62.06,45.38,57.55,11.92,84.05,41.83,59.77,62.15,50,49.8,55,37.08,40.71,43.75,32.77,30.49,23.1,47.39,2425,50.68,22.87,2,56.85,33.76,20.42,15.72,8.64,35.62,57.07,38.22,60.7,80.21,20.53,10.3,22.66,35.92,59.07,51.77,37.34,38.1,15.43,57.63,23.83,10.18,60,3.77,65.37,44.99,46.27,46.33,48.28,53.73,4.24,3.32,9.17,4.66,3.24,5.54,9.56,16.07,11.41,13.37,6.86
Rajnandgaon,Chhattisgarh,75.96,891,55.8,66.71,74.45,49.7,47.06,85.52,26.64,72.15,65.79,50,60.65,55,36.8,46.11,74.18,38.18,22.91,65.87,29.69,2944,60.64,18.54,13.16,72.22,22.95,18.92,10.72,33.34,48.1,74.71,55.77,17.18,53.74,56.12,18.61,47.22,62.63,66.79,51.9,27.9,55.2,20.66,70,10.53,2.2,59.67,4.37,71.93,65.21,34.81,51.99,55.95,55,9.77,4.9,7.6,7.12,4.64,15.8,12.18,16.27,14.27,14.28,9.83
Kolar,Karnataka,74.39,959,55.21,74.9,66.71,66.61,29.41,63.13,46.85,55.97,58.96,50,48.12,53.91,54.43,54.62,59.1,23.46,14.56,54.31,52.38,3898,74.59,39.78,2,50.41,15.23,16.87,7.67,41.05,34,65.71,59.82,40.91,69.88,30.1,12.83,46.73,54.6,57.43,57.79,33.31,46.53,40.51,59.65,23.95,3.34,60,1.97,57.69,55.62,40.87,46.03,47.77,50.11,6.52,10.16,10.25,2.07,5.81,10.4,21.28,6.43,16.49,9.74,10.63
Jammu,Jammu and Kashmir,83.45,992,56.59,67.36,66.97,57.63,59.59,59.97,13.71,75.78,63.27,47.7,61.51,47.16,34.21,56.63,64.55,54.66,26.66,57.22,38.26,1141,83.04,65.29,2,68.51,19.09,19.36,1.95,47.64,29.81,65.68,42.63,71.59,67.99,26.15,8.53,25.62,38.27,38.55,45.07,16.03,20.37,2.16,65.53,24.8,10.35,54.47,1.98,68.93,55.22,52.81,55.03,58.98,55,6.69,0.57,10.44,11.15,8.68,9.76,6.23,27.15,14.77,16.99,8.94
Kamrup,Assam,75.55,1017,66.06,62.22,55.87,34.47,55.24,69.05,47.87,51.63,47.7,50,67.12,55,39.31,42.16,37.67,41.51,20.56,64.21,45.42,3224,60.9,20.72,33.55,63.09,27.03,14.65,21.01,39.27,29.97,50.99,34.66,42.98,28.97,66.99,10.08,40.37,51.45,46.68,56.25,29.08,31.6,44.02,61.62,22.91,10.06,49.68,3.08,70.41,70.02,38.58,51.4,55.53,53.67,2.4,6.28,6.38,3.95,7.13,10.46,0,13.41,11.33,15.85,10.89
Gurgaon,Haryana,84.7,932,76.31,71.97,62.86,68.21,66.43,70.06,62.43,59.74,60.56,50,73.43,55,29.73,44.29,56.41,53.47,28.82,71.76,49.91,1903,58.32,30.59,18.83,62.53,19.86,8.62,11.16,13.65,59.25,53.83,37.91,31.95,60.82,44.3,1,44.53,69.68,70.62,75.71,29.11,51.31,9.43,42.9,38.83,13.51,60,0.31,82.18,63.42,57.57,64.02,76.92,50.17,5.06,6.31,14.51,7.45,8.33,17.21,3.49,13.53,16.34,21.3,8.92
Amreli,Gujarat,74.25,993,65.27,63.12,83.76,46.08,26.76,87.04,19.98,39.31,50.16,50,51.68,55,36.68,42.63,48.4,64.23,50.08,63.52,25.14,3042,45.85,35.71,16.81,62.15,39.22,25.09,15.8,5,32.84,28.86,46.91,79.23,30.63,63.7,3.8,27.69,42.43,50.56,86.84,16.73,37.34,18.61,59,24.81,6.7,60,6.57,58.69,59.24,28.32,39.91,43.52,55,6.78,3.17,4.81,5.7,10.32,17.19,14.99,2.46,14.41,27.07,12.6
Shajapur,Madhya Pradesh,69.09,948,73.56,54.79,59.92,55.35,43.58,70.63,14.35,67.11,66.32,50,49.76,53.94,17.84,34.85,42.05,34.86,20.34,45.89,31.7,2163,60.64,39.34,17.74,59.91,29.36,12.58,5.62,33.2,32.69,53.44,44.95,68.31,68.32,34.47,10.6,38.3,62.67,55.44,95,37.02,44.14,30.39,61.21,26.74,6.88,60,3.32,47.91,47.53,46.12,47.29,48.1,40.92,10.1,2.86,10.95,9.6,3.24,13.38,7.6,13.77,12.69,3.94,12.28
Kangra,Himachal Pradesh,85.67,943,69.2,85.66,78.51,60.22,55.89,67.72,76.59,60.91,34.01,50,71.08,54.86,56.07,49.84,52.69,19.78,5,49.93,77.86,4114,78.07,41.75,6.35,76.97,22.88,16.07,11.8,25.39,43.37,57.29,52.02,36.23,48.85,49.37,8.64,22.02,57.41,53.59,59,2.26,39.12,34.24,57.05,34.01,14.11,51.3,2.6,63.99,79.03,56.49,66.59,70.62,53.56,4.71,3.27,7.3,9.38,7.13,12.35,21.66,14.03,18.63,13.14,17.32
Dharmapuri,Tamil Nadu,68.54,985,63.09,59.87,51.64,32.55,29.01,70.66,32.76,52.25,61.23,50,32.97,55,46.9,41.32,31.47,45.04,29.07,57.87,43.98,2317,58.76,31.15,24.93,58.88,8.63,1.51,1.02,12.27,30.27,44.32,39.39,60.77,83.36,11.99,9.15,22.66,59.25,38.94,83,27.49,31.07,30.58,70,25.8,10.57,60,7.17,90.31,59.99,52.12,51.37,50.14,55,10.08,6.11,4.66,9.03,7.25,10.48,13.64,6.1,9.21,14.82,11.32
Bhadrak,Orissa,82.78,976,56.17,76.97,61.01,59.59,33.09,91.42,67.72,58.08,30.49,50,54.72,53.63,54.94,38.89,46.05,48.39,35.64,44.3,47.56,1624,69.8,29.14,18.43,63.32,16.53,16.16,5.01,49.91,37.21,60.29,51.9,36.88,58.75,48.18,8.14,46.96,53.85,51.92,70.04,9.47,29.03,27.57,70,14.59,9.42,60,0.8,38.55,66.21,38.24,49.42,48.06,55,2.98,8.42,7.61,2.32,5.77,24.49,6.73,6.76,13.9,21.61,13.33
Karnal,Haryana,74.73,887,57.18,63.26,74.39,74.27,63.98,78.16,41.92,64.08,52.49,50,65.67,55,41.45,52.41,62.32,33.58,19.94,71.78,66.59,2578,57.08,29.25,10.91,79.62,22.79,11.96,1.25,6.64,30.65,56.85,46.43,54.95,48.14,48.92,7.98,36.74,47.39,46.76,61.44,12.73,13.05,21.77,60.79,28.94,9.16,55.24,6.07,30.3,56.21,61.76,60.33,68.35,50.84,7.34,6.22,5.7,6.23,7.68,7.58,6.11,7.6,6.82,16.68,7.87
Pashchimi Singhbhum,Jharkhand,58.63,1009,55.93,40.02,39.61,45.97,33.59,75.85,41.76,41.83,69.23,50,50.79,55,21.69,30.73,41.68,39.08,35.2,41.32,30.42,2492,55.08,32.24,12.71,56.47,9.77,1,1,46.11,49.05,39.62,32.64,61.52,83.6,12.26,8.41,30.6,59.76,42.55,71.03,36.83,19.28,45.74,60.6,15.79,5.45,60,4.63,63.38,44.59,54.2,46.71,50.26,55,3.97,0.23,12.29,13.41,5.26,8.76,7.77,11.23,9.33,17.34,8.6
Raigarh,Chhattisgarh,73.26,1005,68.44,67.82,58.47,50.71,48.5,76.68,53.77,46.83,50.83,50,54.97,55,30.69,33.85,47.55,51.06,36.86,40.67,42.86,3224,75.7,50.48,5.27,66.69,30.93,27.11,12.58,9.62,48.45,74.65,44.38,41.83,46.31,53.3,3.78,33.67,55.18,35.95,81.53,11.8,17.37,36.28,57.42,11.14,4.51,60,5.23,59.31,60.32,16.58,36.44,42.74,34.74,12.18,8.52,8.53,5.63,7.01,12.51,0,14.28,10,7.25,6.9
Deoghar,Jharkhand,64.85,925,50.7,44.98,57.49,56.15,21.58,93.5,27.32,53.66,50.59,50,30.34,55,54.03,34.69,47.1,26.07,7.25,33.08,50.8,2603,37.39,15.6,15.13,63.16,8.26,6.29,6.92,37.41,50.64,59.43,47.44,72.85,78.1,19.36,7.08,38.68,41.83,53.19,57.53,11.29,25.08,41.11,70,11.82,3.08,59.18,2.65,61.87,46.06,57.29,52.8,48.94,51.94,11.45,7.58,15.85,11.2,0.75,6.47,11.39,11.66,16.95,11.38,2.91
Bargarh,Orissa,74.62,966,60.25,66.68,64.62,54.34,21.48,69.01,47.65,46.96,63.69,50,51.73,55,58.27,47.68,65.18,38.69,18.8,39.46,39.96,4428,62.81,33.03,17.12,65.38,11.63,7.71,6.81,51.81,58.43,66.8,49.23,75.95,70.42,40.65,3.02,43.36,52.82,66.13,57.18,31.96,31.39,21.94,61.82,28.85,14.06,60,3.11,61.32,61.57,43.24,55.15,54.01,55,7.14,3.26,4.24,6.96,5.01,16.24,13.47,14.82,6.12,22.23,10.13
Vidisha,Madhya Pradesh,70.53,970,42.72,53.9,59.05,51.47,28.78,93.79,37.37,48.25,56.65,50,43.47,54.94,40.26,43.31,50.89,57.99,36.6,50.77,33.36,2100,52.19,21.11,14.81,70.24,12.38,13.52,6.94,28.92,10.59,52.55,43.78,63.27,55.42,49.88,5.52,44.12,41.09,75.17,58.85,11.67,28.49,2,52.13,23.96,13.3,58.89,2.31,80.08,15,41.6,30.28,32.99,55,3.86,2.04,0,5.76,7.13,3.64,5.16,17.05,10.32,9.8,8.56
Karauli,Rajasthan,66.22,960,51.09,73.51,62,35.44,32.87,80.53,18.59,34.43,55.37,48.54,49.66,55,30.23,44.8,53.45,29.45,5,46.29,12.69,2110,44.36,26.2,20.66,56.74,25.44,20.89,8.64,65.42,40.54,57.56,42.6,66.28,37.95,59.1,12.78,34.32,45.88,29.91,55.6,37.22,33.02,39.24,62.86,27.49,7.68,60,4.99,64.36,48.99,36.72,42.72,41.56,55,0,1.28,10.97,7.75,8.09,7.43,2.24,16.26,9.3,0,12.38
Ratlam,Madhya Pradesh,66.78,928,63.99,66.48,65.34,49.08,19.1,76.07,51.75,40.37,60.35,50,38.65,55,53.15,50.85,39.94,39.19,26.2,34.39,28.83,1657,47.72,32.52,19.06,56.78,9.95,2.66,1.86,69.52,29.69,40.98,36.84,28.94,84.35,13.27,7.28,28.39,57.01,83.92,82.98,32.74,39.3,31.28,70,24,8.23,59.76,3.78,77.29,54.78,33.95,45.02,41.58,53.89,7.51,7.22,17.61,3.67,2.42,8.99,5.45,15.18,15.37,9.27,6.17
Sonipat,Haryana,79.12,923,70.09,71.95,73.77,65.74,42.32,99,39.73,63.68,70,50,45.13,54.42,35.18,63.13,50.24,13.07,5,51.82,36.12,2277,70.29,43.7,22.77,72.33,2,1,1.86,39.27,56.92,66.51,57.4,85.24,71.01,18.89,10.38,31.55,48.99,60.27,53.54,15.67,24.18,29.19,62.78,20.51,12.18,60,1.88,27.84,40.68,53.31,47.35,45.4,55,6.83,0,11.44,10.6,4.75,5.98,14.99,14.71,7.86,18.01,23.12
Tikamgarh,Madhya Pradesh,61.43,949,56.08,64.13,45.07,34.64,6.53,65.33,41.86,31.5,70,50,22.35,55,36.53,40.28,48.47,17.93,18.95,29.32,38.76,2408,55.46,21.14,31.32,64.83,28.88,13.21,13.39,44.74,24.89,46.33,11.45,56.17,48.1,52.59,8.46,18.12,33.9,34.71,56.19,36.76,40.33,20.19,69.66,21.54,9.59,60,1.97,57.06,60.46,58.74,56.49,58.03,55,9.43,7.3,4.29,3.58,1.81,16.2,14.02,14.74,11.08,11.93,7.29
Kendrapara,Orissa,85.15,997,69.36,70.71,67.51,73.85,29.29,73.76,20.8,55.53,60.54,50,71.82,55,63.06,38.26,79.27,49.47,36.94,65.5,43.76,2453,84.06,47.41,27.12,84.47,13.56,1.49,4.77,54.09,34.18,49.57,33.71,39.29,66.4,29.86,6.46,35.93,43.65,47.73,69.67,2,45.93,22.82,54.31,23.73,9.84,42.72,2.97,52.77,48.67,52.45,51.4,55.62,37.27,0.13,2.65,3.89,9.21,3.84,4.43,11.08,12.12,15.72,10.61,12.49
Uttara Kannada,Karnataka,84.06,972,68.12,79.46,81.59,57.92,55.5,63.21,76.83,66.43,53.92,50,54.84,55,36.2,47.21,73.94,61.77,41.1,58.3,76.33,2260,71.52,33.92,31.46,76.19,7.31,7.64,7.4,44.8,29.02,60.96,30.86,60.92,80.11,20.33,3.97,33.03,53.56,21.21,68.45,30.67,35.81,19.81,54.29,14.18,6.7,39.79,2.34,30.73,54.91,65.19,56.91,66.62,55,6.57,4.85,19.13,11.31,5.95,6.18,18.21,9.04,19.75,13.2,10.34
Kanshiram Nagar,Uttar Pradesh,61.02,935,44.16,56.32,63.61,33.84,40.67,89.43,62.53,42.52,65.05,50,44.29,55,43.51,24.56,50.49,19.17,6.09,38.93,23.92,1651,37.8,28.88,9.83,56,10.45,8.75,2.8,42.87,29.93,45.06,35.71,72.91,64.02,26.15,6.4,49.85,34.38,25.81,58.85,10.05,22.38,27.54,70,8.68,5.44,60,5.88,66.55,46.73,59.3,54.86,53.39,55,7.72,0,7.1,8.7,8.11,7.62,1.55,12.44,6.71,5.55,12.26
Tonk,Rajasthan,61.58,981,58.17,57.27,41.3,53.08,26.07,98.27,64.28,63.28,39.09,50,43.08,55,40.12,57.31,46.54,36.68,23.37,30.22,53.76,1407,50.44,26.45,13.9,57.91,35.17,26.66,8.39,25.57,44.85,76.75,55.16,68.25,66.29,33.58,8.73,18.3,28.38,85.99,90.25,18.72,43.25,13.37,70,15.12,7.22,60,4.62,63.5,69.58,17.89,44.14,42.34,55,2.39,0,3.93,4.72,7.71,15.21,8.96,16.92,4.55,6.25,8.38
Bastar,Chhattisgarh,54.4,850,50.01,57.87,53.87,35.21,12.37,98.04,38.89,55.91,60.57,50,27.41,55,29.45,56.49,54.37,27.69,12.51,35.08,35.28,1862,35.15,10,27.84,54.12,11.43,13.84,3.96,5,32.99,50.14,48.45,36.31,80.58,27.91,10.32,40.3,27.49,42.41,55.54,19.5,36.76,36.15,70,23.35,9.98,60,4.61,57.99,63.19,35.34,42.77,39.1,53.7,6.47,1.96,14.95,7.74,5.67,18.26,12.8,16.88,12.17,6.49,4.24
Jhalawar,Rajasthan,61.5,996,56.05,60.48,35.19,50.65,16.49,92.69,10.42,40.33,58.29,50,30.46,55,21.9,44.7,52.92,47.19,20.07,38.9,46.58,3227,42.62,21.68,28.06,62.66,16.77,14.77,6.29,9.98,19.39,67.78,52.49,73.15,89.67,10.6,8.49,27.62,54.43,64.66,62.43,40.38,38.66,51.44,70,13.82,5.56,60,3.47,63.11,59.47,69.01,67.18,72.83,55,3.09,1.26,8.26,4.06,3.05,13.61,13.95,16.05,4.1,12.83,1.89
Gandhinagar,Gujarat,84.16,880,62.86,77.77,70.17,55.99,39.9,75.63,84.06,70.99,30.76,50,48.86,55,37.59,60.8,36.77,32.47,16.77,62.09,59.45,3421,76.18,45.57,11.86,69.64,13.53,13.11,4.41,77.88,72.12,74.86,52.26,56.79,59.85,36.28,10.6,37.87,51.45,53,36.1,18.98,51.49,19.83,58.08,36.04,18.46,51.23,1.35,66.55,55.93,29.69,41.24,43.8,49.56,2.7,6.28,0,6.15,4.58,4.43,14.02,10.15,12.54,4.89,14.92
Koppal,Karnataka,68.09,936,34.53,49.7,78.24,47.06,45.52,73.62,43.78,58.87,47.57,50,40.43,48.55,40.92,43.87,38.72,44.21,32.11,49.33,14.24,2131,59.43,34.64,27.34,68.42,5.67,1,7.11,40.8,45.24,52.9,47.18,68.02,37.93,61.97,1.92,38.41,46.22,55.32,60.43,24.06,39.93,7.89,69.03,22.53,8.21,60,4.39,80.2,90,12,49.19,47.79,55,3.88,4.91,19.41,4.91,12.61,7.9,13.62,11.7,11.06,20.45,12.81
Dungarpur,Rajasthan,59.46,905,60.57,46.79,44.17,46.56,44.6,57.95,30.02,40.76,44.52,50,45.29,55,15.62,40.07,47.03,26.89,16.48,49.54,35.54,1353,55.24,26.29,8.68,53.28,10.57,5.34,6.92,30.58,42.03,42.38,29.24,41.97,38.55,61.13,11.47,12.95,32.09,61.62,45.16,19.74,52.04,25.78,65.53,19.96,7.99,60,0,74.64,52.64,79.3,68.84,68.96,55,4.94,9.8,11.92,3.96,0.8,18.86,16.6,11.72,13.78,11.37,10.29
Bathinda,Punjab,68.28,898,51.42,60.59,51.04,50.7,28.52,99,53.34,41.07,58.65,50,39.84,52.23,39.12,21.8,31.51,41.82,36.7,42.95,37.82,2127,55.18,25.67,25.77,63.25,4.99,8.07,1,57.74,52.97,31.67,19.77,78.92,49.56,61.4,3.49,24.08,39.91,17.49,51.26,13.21,27.92,30.78,65.47,14.15,10.32,60,3.35,69.93,44.55,54.75,49.16,51.12,55,10.95,5.54,1.44,9.52,1.38,11.14,13.81,9.36,4.58,8.12,9.38
Barwani,Madhya Pradesh,49.08,996,33.18,44.83,54.54,14.4,7.15,83.63,68.34,36.62,70,50,51.82,55,33.49,28.56,27.93,30.37,24.35,15.75,15.85,4082,48.04,18.52,19.68,52.77,27.56,12.07,15.78,21.51,10,31.54,26.8,61.65,45.17,53.17,11.93,10.72,30.95,78.73,35.66,12.64,23.96,32.44,70,26.33,11.51,60,1.38,95,37.4,39.07,40.03,41.76,39.66,4.71,2.05,15.98,10.94,5.53,3.77,4.23,18.36,7.35,4.95,6.09
Koraput,Orissa,49.21,931,48.84,36.38,31.56,23.23,28.54,72.1,44.54,35.45,70,50,44.72,55,38.89,18.95,29.99,26.58,21.22,44.36,35.04,3099,38.52,18.03,3.39,47.8,19.01,12.81,1,45.5,16.13,50.02,50.42,81.78,31.72,62.26,10.01,21.11,34.38,53.22,51.61,28.7,46.09,46.23,70,9.3,3.52,60,1.22,54.38,68.58,36.43,50.54,48.91,55,2.62,7.67,3.76,11.21,7.12,21.97,7.73,1.96,8.99,6.67,10.49
Auraiya,Uttar Pradesh,78.95,964,60.29,87.94,59.99,64.56,30.02,93.94,70.57,58.62,56.78,50,63.35,51.83,26.64,50.75,53.76,50.21,17.25,45.9,67.97,2696,76.04,34.98,14.79,74.44,42.83,30.44,23.59,36.39,53.3,54.8,47.93,27.3,95,5.11,1,27.25,33.94,45.92,63.87,24.68,16.2,36.79,58.79,21.53,10.5,60,2.07,44.6,79.47,60.07,72.18,76.5,55,9.25,2.61,3.46,7.97,7.59,8.15,1.52,25.13,9.91,15.82,11.44
Seoni,Madhya Pradesh,72.12,948,69.69,75.52,67.84,49.16,30.5,66.33,66.66,59.84,47.09,50,49.29,55,55.46,42.56,49,41.58,22.67,39.41,11.2,3066,64.06,42.99,46.19,58.19,10.91,9.31,2.67,43.28,29.94,59.18,48.92,29.97,71.51,29.47,10.95,51.1,58.35,63.42,61.34,34.15,56.44,5.26,65.62,15.52,6.89,60,2.83,82.61,42.28,57.65,50.56,47.58,55,10.11,2.44,4.54,12.88,5.86,10.64,14.98,25.44,11.19,15.18,15.32
Munger,Bihar,70.46,969,64.02,67.63,54.46,44.08,57.16,82.88,23.47,48.89,38.4,50,64.46,55,59.1,65.64,47.91,38.64,14.67,48.89,35.86,3587,58.24,24.82,22.43,71.88,9.41,7.96,2.54,28.94,35.45,29.39,44.05,53.2,52.57,50.24,11.98,27.59,46.54,42.02,58.78,22.1,48.23,12.17,55.45,19.97,5.77,45.2,2.95,93,50.73,55.24,54.2,57.11,55,9.28,4.01,18.7,4.29,0.44,7.58,15.97,13.3,17.13,13.12,10.17
Ramanathapuram,Tamil Nadu,80.72,953,72.38,73.15,65.11,42.92,55.84,75.93,31.52,54.4,34,50,54.32,55,49.32,59.43,65.72,41.08,23.18,59.53,33.48,1162,70.31,39.65,47.61,74.18,33.34,24.67,11.43,17.64,43.46,64.84,42.77,87.35,61.41,42.37,13.03,10.36,53.34,58.75,60.13,22.48,31.23,31.87,61.41,22.89,9.89,51.54,4.58,55.47,49.61,46.98,47.76,49.44,54.88,11.48,8.86,19.23,12.14,4.34,6.22,3.9,15.43,11.99,12.37,11.57
Patan,Gujarat,72.3,899,45.57,63.58,69.44,39.81,40.75,85.66,64.15,57.33,43.93,50,50.3,55,27.31,46.79,49.34,42.08,19.7,45.3,44.24,1847,61.31,34.15,2.67,62.46,28.58,19.48,11.54,20.19,24.44,67.92,44.9,95,29.84,79.94,4.93,31.35,56.68,52.02,57.43,34.19,46.82,21.55,70,9.83,1.51,53.63,2.65,85.67,53.14,29.51,46.21,50.12,50.8,6.77,7.15,6.26,10.64,0,17.48,8.1,18.09,11.19,14.41,12.33
Mandsaur,Madhya Pradesh,71.78,990,70.95,57.94,65.87,30.03,18.99,77.24,5,59.1,48.04,50,51.95,52.1,35.54,39.86,47.81,43.55,23.11,44.86,39.16,1724,73.78,48.14,29.01,69.82,21.85,6.89,7.65,20.89,35.15,33.17,26.04,40.23,82.83,14.19,8.72,44.84,55.68,67.8,64.48,20.53,39.27,45.18,57.64,5.63,7.73,53.1,2.8,57,28.48,49.42,44.56,51.63,55,6.62,7.06,17.53,7.16,6.18,11.98,1.22,8.45,17.35,3.99,16.33
Sivaganga,Tamil Nadu,79.85,930,67.5,72.41,69.57,54.88,46.08,60.59,42.01,53.46,50.49,50,62.91,55,43.35,68.02,43.41,33.06,28.33,51.98,40.64,2728,69.84,47.13,2,88.58,6.86,6.99,1.87,34.95,54.89,63.38,59.66,59.06,26.91,69.66,10.78,58.1,45.18,51.15,63.35,7.72,11.94,15.75,62.21,11.55,5.34,59.11,0.21,73.77,67.1,67.04,60.46,62,53.56,3.18,9.88,0,7.89,6.37,12.58,9.39,16.41,13.28,9.89,16.68
Sawai Madhopur,Rajasthan,65.39,888,50.35,60.66,54.11,39.79,50.17,78.91,16.38,58.01,50.62,50,52.14,55,39.21,38.87,57.75,33.5,23.9,59.94,47.51,2344,55.57,36.13,20,46.23,35.45,24.47,17.64,6.99,44.72,67.09,42.78,61.1,71.18,19.55,10.95,29.71,50.47,36.46,69.12,35.17,18.57,38.53,67.12,26.03,7.6,54,0.47,74.6,72.85,41.33,59.87,62.87,51.46,11.6,6.99,13.57,11.15,4.62,4.6,5.87,20.91,18.46,9.7,9.62
Jind,Haryana,71.44,933,60.01,55.6,65.14,40.34,32.23,90.59,35.47,41.56,60.53,50,45.26,54.42,39.56,46.84,44.72,28.06,24.89,49.98,62.5,2881,58.82,35.17,27.57,54.29,17.28,3.98,8.31,12.55,52.65,74.45,69.87,72.36,28.91,74.4,9.64,28.8,53.09,61.52,61.99,16.87,34,19.21,63.89,21.99,7.62,55.3,3.57,55.53,26.43,59.62,39.79,33.86,55,5.63,0.31,15.82,9.65,1.45,9.5,4.16,2.18,4.67,7.58,9.22
Raisen,Madhya Pradesh,72.98,1010,41.97,68.02,61.2,50.4,59.05,77.65,39.02,52.41,53.89,50,45.76,55,43.51,44.29,41.57,41.01,11.8,41.41,75.72,1744,68.78,29.44,30.05,83.52,13.69,15.8,1,37.44,52.26,49.1,25.31,75.7,54.55,41.01,6.29,35.48,51,50.13,58.5,25.8,32.23,30.15,62.97,15.78,8.59,60,4.26,92.7,81.37,43.53,63.98,75.07,55,4.79,5.61,16.53,8.05,2.54,7.89,9.88,4.36,11.77,13.5,6.11
Navsari,Gujarat,83.88,984,72,74.41,74.1,62.36,64.72,87.3,37.84,64.23,49.78,50,65.12,55,45.05,45.48,61.65,39.83,24.36,49.14,41.45,3435,76.96,33.78,10.41,74.71,29.43,21.8,13.26,32.7,51,70.49,51.9,35.71,84.37,20.09,11.95,45.21,63.36,22.22,76.67,17.48,48.31,17.06,63.77,34.75,10.63,44.43,2.48,94.42,79.26,62.82,65.71,61.55,38.81,4.43,8.87,9.38,5.2,0.13,6.87,19.41,17.5,18.98,10.09,15.35
Tinsukia,Assam,69.66,936,46.95,49.34,55.31,69.69,61.75,65.45,33.95,49.12,69.61,50,55.91,55,41.49,42.23,42.61,49.08,37.18,46.25,19.95,2138,57.02,24.6,32.47,60.74,17.78,4.66,8.32,38.42,42.23,70.47,54.24,59.29,32.59,64.95,11.98,20.71,54.34,58.56,74.04,13.33,34.23,33.71,56.39,29.28,19.87,59.76,4.87,49.68,15,34.32,25.87,26.83,55,8.55,0,11.83,3.3,4.85,13.34,13.98,11.38,8.94,22.5,3.31
Dibrugarh,Assam,76.05,936,48.51,62.42,62.61,38.12,45.21,77.68,23.06,55.12,42.57,47.81,49.3,55,36.3,22.09,49.17,51.1,42.71,55.61,52.34,2825,55.4,36.49,13.6,63.72,6.34,1,1,34.19,44.87,61.64,39.17,17.83,59.32,49.31,7.38,34.01,56.5,45.33,64.51,2.22,12.24,39.87,67.48,27.35,6.57,60,0.18,68.02,22.4,50.22,33.8,25.3,53.97,6.33,3.95,5.41,7.43,14.5,9.31,8.74,10.68,12.52,7.92,18.23
Garhwa,Jharkhand,60.33,937,35.02,51.4,44.31,53.82,40.01,70.51,90.84,61.25,67.99,50,26.36,55,29.12,17.63,46.8,24.09,5,47.07,55.52,3276,44.06,24.82,18.03,60.95,18.4,9.14,9.61,80,25.66,63.6,42.73,74.22,73.3,19.53,4.87,29.74,55.8,61.22,82.93,29.07,22.37,30.04,70,13.21,8.06,58.05,3.8,78.72,53.01,57.3,53.78,53.17,46.56,6.76,0.8,9.13,2.42,4.69,14.46,9.76,11.04,17.18,19.62,12.42
Gondiya,Maharashtra,84.95,1033,79.84,89.67,69.87,69.2,67.18,86.96,82.35,60.4,48.89,50,57.39,55,39.81,55.17,56.95,47.45,25.66,60.71,60.73,3204,70.73,45.85,14.8,93.1,10.19,3.8,2.94,37.28,34.36,61.29,52.34,51.23,70.36,34.75,5.09,41.23,53.51,39.61,66.24,2,40.4,49.91,43.42,27.26,9.44,60,1.3,36.76,74.74,39.19,55.67,65.4,55,4.7,4.39,8.18,9.93,3.74,14.6,19.39,6.24,11.42,6.96,9.76
Dumka,Jharkhand,61.02,965,44.47,58.81,46.55,34.92,38.32,78.38,21.76,66.4,60.05,50,48.95,55,56.57,55.43,67.78,43.17,34.18,34.3,55.89,2525,62.66,42.49,6.36,46.55,2,2.77,1,28.18,25.29,53.29,51.5,33.89,63.26,41.26,13.46,28.89,43.04,33.29,62.58,40.58,4.48,18.35,70,21.73,6.27,60,1.14,65.39,59.35,55.8,55.37,62.72,55,5.21,7.41,7.89,0,5.65,8.82,16.29,10.54,13.4,22.23,14.08
Godda,Jharkhand,56.4,967,62.64,41.41,40.52,41.51,21.32,86.28,76.64,46.44,70,50,57.53,55,48.59,38.02,40.91,31.1,17.12,35.24,31.13,2937,45.94,19.46,38.84,47.16,9.18,1.09,2.22,36.82,27.11,38.56,12,64.65,70.92,31.71,11.8,17.46,48.57,76.24,63.97,37.38,10.24,28.18,70,13.22,6.9,60,1.47,40.2,55.32,49.53,50.3,56.76,55,5.41,8.03,14.67,8.23,1.55,13.27,8.45,5.08,13.89,14.2,10.65
Sehore,Madhya Pradesh,70.06,991,52.19,66.46,63.13,44.47,30.31,91.05,37.01,55.29,66.75,50,37.06,55,45.2,33.39,56.72,31.29,11.49,56.38,34.72,3767,54.8,30.4,20.58,56.75,12.72,13.91,1,53.36,30.66,51.56,40.11,50.6,51.01,43.4,7.92,38.49,44.74,70.18,67.48,14.09,24.78,37.15,58,18.17,5.91,54.62,2.84,75.01,63.6,49.29,55.25,57.24,55,11.69,3.45,10.07,5.89,1.65,8.69,12.51,20.85,12.99,17.97,12.38
East Nimar,Madhya Pradesh,66.39,960,37.72,48.92,60.28,48.33,38.41,86.3,47.58,55.24,50.7,50,42.21,55,52.42,22.52,28.74,25.09,5,35.01,41.22,2662,42.35,23.19,33.05,62.29,6.44,9.42,1,34.11,41.48,56.72,41.63,83.23,95,7.66,7.2,32.35,49.69,54.88,51.24,44.06,42.97,15.6,68.09,10.69,9.05,60,3.88,66.29,42.88,39.16,40.56,49.19,55,0,5.98,17.47,5.24,3.14,7.06,5.01,13.8,12.15,6.45,8.89
Kasaragod,Kerala,90.09,940,61.4,88.66,81.39,78.15,29.7,81.28,43.73,91.82,44.12,50,59.17,49.77,59.13,63.47,54.95,60.3,28.59,58.41,50.09,1543,88.68,46.15,32.54,86.36,23.75,18.53,11.17,47.33,51.97,56.19,43,40.15,33.01,67.62,1,42.27,49.94,62.88,36.9,49.73,26.97,27.75,44.42,13.29,1.11,52.03,3.73,59.39,74.16,65.96,71.03,75.61,44.02,7.79,0,10.24,5.89,7.66,5.7,10.12,13.64,11.09,16.4,15.72
Baghpat,Uttar Pradesh,72.01,942,71.37,61.51,57.5,56.46,36.06,66.02,31.81,48.26,59.61,50,63.97,55,41.78,36.4,40.94,51.84,17.59,56.38,51.16,2725,65.76,31.89,8.38,74.18,10.23,6.87,3.49,42.13,43.32,51.92,36.41,95,82.92,7.93,7.66,22.25,24.61,69.59,69.22,21.72,36.45,34.97,58.52,9.85,5.63,60,2.42,41.5,53.45,34.88,49.75,55,43.4,10.35,0,19.96,0,6,11.43,13.82,17,16.62,13.11,5.13
Wardha,Maharashtra,86.99,947,68.68,77.64,75.62,65.98,63.64,77.97,64.68,59.98,45.08,49.15,60.54,45.17,29.78,59.91,52,46,28.07,69.65,63.83,2166,80.31,53.65,34.59,80.08,22.78,19.49,2.83,29.77,52.06,71.97,43.65,75.09,65.41,42.38,3.24,49.22,60.12,54.82,77.51,29.93,30.07,38.15,56.8,26.65,9.83,51.49,4.26,56.02,30.5,54.48,39.65,52.22,44.4,0,7.36,15.14,5.23,4.52,7.29,15.1,29.74,9.39,16.89,13.3
Sirsa,Haryana,68.82,949,51.13,71.22,65.24,43.87,5,71.6,47.52,47.46,64.56,50,39.1,55,34.71,45.97,53.89,48.6,36.33,46.24,53.87,200,66.19,36.82,26.04,78.65,5.67,2.31,5.84,37,52.2,77.48,70.45,83.75,73.11,25.16,8.64,22.53,30.48,33.25,49.99,26.64,28.03,40.7,52.11,18.43,8.26,60,6.37,72.79,43.07,36.41,40.12,46.49,55,5.71,0,8.57,3.53,7.25,17.89,6.8,6.69,14.34,20.13,7.6
Katni,Madhya Pradesh,71.98,979,60.59,55.77,66.23,35.55,61.21,73.87,35.47,56.44,59.62,50,55.97,55,35.57,48.93,62.14,10,5,46.27,49.32,2616,59.87,33.03,7.51,56.58,27.09,13.99,8.29,63.78,39.49,30,31.77,37.42,76.3,31.11,12.74,54.63,40.4,60.39,81.1,43.16,20.85,16.57,54.8,11.47,6.13,60,2.76,64.39,60.54,48.94,57.06,59.65,47.1,9.93,1.94,9.87,3.58,10.13,19.13,15.01,1.95,10.36,17.85,9.64
Anugul,Orissa,77.53,952,68.17,60,57.14,52.19,58.35,73.51,18.91,47.09,70,50,50.22,44.95,29.04,46.92,58.84,59.7,37.88,41.05,49.47,2305,66.58,30.2,25.39,59.22,5.24,9.36,1,39.38,54.74,81.36,60.19,93.77,72,27.66,4.08,23.41,58.09,73.04,40.3,8.29,41.76,30.46,53.22,23.14,4.06,60,3.19,82.89,50.65,60.29,53.34,58.05,55,2.99,6.03,4.8,19.48,7.21,13.37,10.74,12.82,11.98,14.68,8.87
Thiruvarur,Tamil Nadu,82.86,979,78.32,70.49,70.35,70.07,37.82,66.24,27.13,65.61,34.98,50,45.76,55,27.74,54.32,56.59,44.55,33.49,63.26,59.25,3241,82.34,50.69,7.72,82.19,2,2.89,9.52,17.25,51.77,57.45,39.18,33.75,47.4,57.51,8.95,48.95,60.6,65.68,56.62,22.27,12.44,11.22,59.2,19.01,8.31,53.88,1.78,81.92,49.1,45.38,40.47,48.11,43.77,7.07,4.66,9.8,1.44,1.95,12.22,8.56,2.04,13.91,21.57,9.88
Damoh,Madhya Pradesh,69.73,947,71.78,70.03,63.97,33.54,44.99,54.51,12.17,67.82,56.94,50,39.88,46.01,44.26,40.4,44.02,41.57,24.92,62,18.28,1525,60.71,25.35,39.28,60.25,30.37,16.32,6.42,29.25,51.91,64.93,43.82,53.8,56.85,38.85,11.99,11.39,58.13,56.07,90.59,36.03,26.73,18.31,68.67,27.4,14.23,60,2.22,81.28,58.04,12,29.29,33.24,41.49,2.27,0,4.09,8.58,0,11.09,19.55,10.97,15.05,19.86,15.61
Chikkaballapura,Karnataka,69.76,953,53.72,52.15,60.42,38.28,36.9,69.98,45.24,55.51,49.06,50,66.17,48.25,42.26,34.23,61.48,36.03,8.73,74.48,44.38,845,64,38.84,29.77,48.29,9.44,4.05,6.82,5,57.74,67.3,29.79,84.09,35.87,65.2,8.88,10,26.19,65.18,70.34,34.76,46.05,24.91,57.98,20.07,9.43,53.49,5.5,56.93,60.38,28.48,37.77,42.79,50.96,6.13,5.58,15.65,3.82,0,22.87,8.2,18.25,20.37,11.11,4.73
Kamrup Metropolitan,Assam,88.71,870,58.27,60.01,51.8,63.36,66.68,80.32,21.07,68.06,52.82,50,65.94,50.52,34.78,41.66,83.37,66.1,42.75,65.96,53.86,2352,82.37,49.16,19.15,72.87,35.57,19.44,9.37,37.47,55.71,82.56,64.75,68.14,56.63,44.09,5.9,35.6,57.88,50.98,60.46,24.49,19.3,40.73,48.05,7.5,1.89,56.7,5.52,69.42,36.54,15.47,30.63,37.31,50.43,11.11,1.42,7.28,3.35,7.61,20.81,4.46,22.17,16.52,14.76,14.94
Theni,Tamil Nadu,77.26,987,58.81,66.38,66.82,44.24,56.1,61.82,39.69,55.73,37.47,50,55.16,55,33.54,17.74,56.57,30.9,18.1,53.57,48.91,2542,70.81,35.65,35.18,67.72,23.65,25.48,8.82,58.62,43.74,48.76,42.81,33.22,67.81,30.57,8.04,10.33,47.19,73.8,68.78,41.71,8.21,33.33,62.47,15.03,1.77,60,2.6,50.52,73.35,51.09,64.06,77.38,42.88,12.78,4.36,10.78,1.61,2.73,9.98,6.64,3.61,10.31,26.26,7.07
Guna,Madhya Pradesh,63.23,964,55.03,60.77,78.22,36.34,11.94,78.19,72.4,55.93,65.53,50,41.76,55,48.71,35.76,55.49,54.31,31.33,35.06,36.89,2284,52.72,31.54,2,48.58,25.9,16.86,5.46,10.85,35.94,47.07,36.41,80.71,72.93,22.72,11.83,40.31,53.34,79.25,82.95,27.8,3,27.48,69.27,9.74,5.42,60,3.98,46.1,53.03,49.92,53.74,52.69,50.76,7.02,2.13,0,11.51,7.46,10.01,13.63,7.34,4.18,11.45,14.77
Hoshangabad,Madhya Pradesh,75.29,990,51.83,76.16,60.34,48.47,48.98,99,68.99,52.39,48.53,50,55.62,55,30.88,63.41,57.37,47.4,24.07,33.91,50.36,2219,63.73,36.54,11.01,55.88,28.45,19.28,5,37.7,35.77,55.77,41.14,64.8,69.05,15.62,9.05,36.36,63.64,31.67,43.32,26.36,39.33,32.38,56.75,23.5,15.03,60,4.84,82.73,61.3,44.39,55.79,61.39,48.61,0.88,1.92,7.66,11.82,3.64,12.63,5.07,15.18,19.35,11.84,13
Srinagar,Jammu and Kashmir,69.41,850,47.49,59.23,52.84,34.93,33.56,90.28,44.35,68.77,51.01,50,51.39,55,40.23,50.41,57.67,47.18,29,50.36,34.75,1238,65.22,35.56,16.97,57.34,19.13,16.04,8.78,52.74,32.13,48.89,37.73,49.68,30.41,65.36,7.99,50.96,33.15,75.09,84.77,33.36,40.27,33.25,70,27.68,13.06,55.95,2.11,47.2,56.46,39.98,46.49,50.65,51.72,4.76,0,7.14,4.52,6.16,5.1,14.15,17.52,13.37,13.11,4.79
Karimganj,Assam,78.22,1034,67.1,67.52,69.58,45.01,43.17,97.72,43.26,76.95,38.6,50,57.68,55,40.74,49.66,44.2,40.16,28.17,78.26,60.49,2075,72.7,40.09,46.83,57.97,19.24,6.43,8.36,54.64,53.85,73.85,48.56,27.16,51.88,51.62,12.62,35.85,50.36,90,57.65,24.27,25.18,31.43,62.37,6.65,6.13,60,0.39,45.59,48.85,53.54,58.1,59.46,55,0,2.92,13.6,10.65,7.1,2,5.73,17.86,12.92,21.02,13.07
Baran,Rajasthan,66.66,944,54.51,68.07,61.45,53.7,24.07,82.69,82.6,53.72,55.35,50,47.81,55,42.74,31.19,43.45,22.63,32.7,59.37,45.68,1886,66.01,36.8,7.15,61.74,30.81,25.51,15.36,58.04,25.1,50.74,34.06,66.7,50.08,42.94,10.06,35.92,53.32,64.46,75.63,25.6,12.21,20.1,65.31,18,10,60,4.38,66.58,68.67,26.84,48.76,48.61,55,4.82,7.71,11.61,2.86,2.65,4.31,9.62,21.85,12.29,16.92,7.22
Lalitpur,Uttar Pradesh,63.52,994,52.97,44.08,68.22,31.39,59.33,92.01,55.42,48.9,70,50,53.15,55,24.66,50.08,50.24,47.93,29.66,55.63,39.92,3165,58.4,33.16,2,38.44,19.11,9.38,6.55,5,54.31,30.51,21.55,54.73,38.42,55.64,3.19,28.46,40.2,72.71,55.79,15.55,27.95,15.52,65.15,28.22,10.11,60,4.79,60.94,56.22,65.3,60.54,70.18,53.97,9.86,2.73,14.09,5.4,7.47,9.49,21.05,17.37,15.27,12.08,10.44
Nabarangapur,Orissa,46.43,908,32.24,39.07,32.6,16.52,38.46,69.31,38.44,42.71,70,50,32.73,55,26.62,26.43,47.3,31.95,31.26,34.96,19.49,2541,44.24,24.81,2.67,40.19,10.72,16.12,12.63,44.09,23.72,32.94,30.28,61.13,46.95,45.88,10.53,14.01,53.35,43.35,90.26,60.2,46.49,24.32,70,6.53,2.88,60,4.5,62.24,56.1,51.2,56.98,55.74,55,0.55,2.87,11.21,9.72,3.02,6.28,5.59,12.28,6.31,12.34,1.65
Yamunanagar,Haryana,77.99,975,61.19,71.52,73.01,48.29,30.7,70.27,16.48,70.05,59.48,50,44.81,55,44.92,65.69,47.51,60.33,39.06,58.19,56.58,1950,62.72,25.67,30.87,70.45,23.86,13.95,9.42,7.9,77.24,38.95,40.24,26.3,62.02,39.02,11.8,32.87,46.08,45.93,64.53,19.32,12.23,17.47,65.37,15.52,8.81,60,2.25,95,17.67,34.88,28.28,24.06,53.8,5.17,1.89,15.15,3,2.89,18.27,0,19.37,10.71,16.85,16.62
Korba,Chhattisgarh,72.37,908,50.04,68.28,67.94,57.98,18.4,45.13,52.88,50.07,70,50,44.53,55,42.57,31.65,31.71,38.86,22.52,26.42,45.9,3751,56.87,30.06,12.87,60.79,2,6.49,2.97,17.03,31.49,52.06,37.21,49.63,87.45,8.08,3.05,20.95,44.56,51.23,45.07,33.75,44.81,34.46,49.91,19,2.86,54.54,6.05,50.08,67.3,43.31,59.31,60.02,55,2.74,0.14,11.1,4.04,7.46,3.65,16.84,13.42,6.48,13.76,2.87
Dhaulpur,Rajasthan,69.08,925,65.71,58.6,58.48,46.39,30.66,92.23,61.59,49.51,61.19,50,28.57,55,38.94,32.45,44.92,34.51,21.89,55.98,32.38,1958,64.96,37.85,18.09,67.46,31.2,7.8,5.49,49.78,41,61.06,37.44,67.61,44.84,61.26,1,38.66,35.35,47.76,72.05,47.9,6.27,45.35,59.89,27.54,12.97,60,3.57,72.43,52.44,47.9,54.35,49.94,55,13.17,1.01,2.12,7.1,6.9,4.32,3,14.65,7.04,12.32,7.13
Panipat,Haryana,75.94,1027,72.31,68.59,67.75,48.51,47.08,96.48,32.37,48.97,48.85,50,73.43,55,45.9,35.4,64.46,59.63,26,47.36,44.88,2702,59.96,33.76,29.15,53.58,31.4,14.53,8.53,37.84,37.54,48.91,36.97,95,41.68,61.99,3.83,33.2,50.71,31.39,84.52,8.89,14.08,33.76,58.46,23.36,13.12,53.75,0.7,66.3,66.32,27.91,46.06,44.98,55,7.59,4.66,8.55,7.15,6.38,1.83,5.94,10.03,11.95,15.93,7.06
Bhandara,Maharashtra,83.76,942,49.36,57.97,79.74,59.08,48.86,71.36,50.82,69.47,54.42,37.01,67.26,55,72.37,32.47,43.61,69.82,44.34,51.61,57.8,2050,71.03,46.7,18.1,65.59,29.98,18.02,12.57,48.07,36.55,56.23,58.26,53.89,51.21,49.79,7.59,38.98,22.51,51.89,82.82,32.33,31.53,5.28,58.02,24.99,9.84,41.59,0,80.14,79.67,60.73,70.76,70.09,40.61,9.4,11.38,8.81,2.69,1.69,7.77,13.64,13.94,20.45,14.67,14.08
Pathanamthitta,Kerala,96.55,959,68.12,82.29,86.48,50.13,71.73,74.95,37.73,82.4,36.63,43.51,59.28,55,83.84,46.69,55.99,53.39,16.1,64.35,64.55,3668,93.1,56.17,22.45,79.43,29.6,9.09,10.02,18.28,65.87,64.81,40.95,86.87,68.07,33.45,12.04,79.44,55.97,70.05,66.4,25.28,43.27,19.4,56.74,23.82,11.97,44.32,2.41,53.21,67.35,65.45,63.67,67.2,45.08,7.17,6.93,0,15.93,3.85,9.01,13.44,3.22,14.84,19.66,12.51
Washim,Maharashtra,83.25,985,52.47,78.1,57.68,63.22,56.8,68.95,41.32,54.96,45.01,50,55.46,43.85,38.12,51.19,60.67,37.59,15.65,54.7,55.79,2278,80.53,37.33,26.42,76.46,17.16,14.16,6.76,61.52,32.52,62.48,53.95,73.75,84.03,12.16,4.44,35.13,65.15,31.63,77.18,46.54,50.6,27.22,49.81,16.01,4.74,55.48,3.45,61.63,55.81,51.88,48.96,57.19,54.51,9.04,5.86,3.92,3.62,7.07,10.6,0,19.21,16.29,16.4,11.75
Dhenkanal,Orissa,78.76,970,57.57,64.01,74.4,58.97,56.8,82.59,5,58.3,37.55,50,48.76,55,15.5,38.71,55.03,54.11,33.34,47.96,48.37,2305,69.36,36.81,14.83,68.69,16.93,12.57,2.66,47.39,35.21,64.51,59.07,62.68,60.44,35.75,10.22,41.84,36.47,58.22,58.68,14.09,43.88,9.78,59.98,32.15,12.97,60,2.42,66.71,50.7,65.05,60.39,61.05,45.63,10.32,9.97,19.21,10.81,11.85,10.83,8.28,6.95,19.8,8.5,9.25
Singrauli,Madhya Pradesh,60.41,956,49.47,54.78,53.62,38.19,36.15,91.5,40.56,35.57,70,50,57.71,55,40.37,10,50.21,32.16,28.85,42.43,48.56,2074,48.98,24.45,18,68.5,5.7,1,2.48,51.01,40.26,57.91,40.55,37.75,35.97,67.59,1,29.72,26,57.67,73.87,15.97,51.73,27.37,70,13.63,4.63,59.12,6.99,43.49,90,88,90,92,55,6.15,5.4,7.63,9.38,10.43,7.89,14.26,7.67,12.78,9.44,3.59
Udupi,Karnataka,86.24,965,55.18,80.74,71.78,70.43,25.9,57.09,64.39,61.11,44.4,38.04,46.17,55,49.67,64.64,48.77,55.31,44.63,54.79,66.6,2377,72.32,39.74,22.9,66.86,35.48,22.98,12.89,15.56,56.37,89.5,61.52,38.59,39.8,64.77,8.72,55.11,64.97,49.58,70.44,24.4,32.55,32.63,57.11,3,2.58,51.35,3.81,37.92,62.25,19.95,35.15,39.91,55,3.88,7.22,8.47,3.78,3.6,5.74,20.14,0,25.39,15.96,12.02
Hingoli,Maharashtra,78.17,1046,54.41,67.96,66.54,43.44,38.97,82.91,32.37,65.85,54.92,50,55.86,55,55.73,26.69,52.56,40.97,22.69,55.72,55.75,3280,73.39,40.34,30.42,55.28,13.15,12.58,1,56.09,26.29,59.48,49.21,70.35,65.39,38.12,6.37,40.69,62.69,63.94,21.57,19.08,21.3,43.91,55.36,4.6,1.53,48.3,1.05,64.69,58.14,50.83,52.33,46.06,54.64,2.26,4.64,0,8.85,3.02,13.09,3.81,8.06,14.41,24.93,6.51
Yadgir,Karnataka,51.83,948,33.83,47.84,47.19,47.56,42,74.68,46.05,33.19,58.54,50,35.2,55,31.93,38.17,50.64,49.68,31.05,21.41,24.05,2961,43.76,28.96,10.49,58.37,21.4,3.39,10.06,29.31,35.49,52.34,42.08,47.47,79.91,17.74,16.39,23.51,24.77,62.25,49.99,19.49,46.58,48.82,63.41,18.06,2.2,60,0,85.06,52.26,28.51,40.55,40.37,55,13.03,5.36,2.26,3.64,10.19,6.5,15.34,7.25,8.54,9.57,0.45
Rajsamand,Rajasthan,63.14,958,54.43,50.09,67.96,45.74,32.11,79.36,29.88,46.26,66.48,50,52.47,55,35.43,38.26,34.11,28.18,24.78,42.06,25.19,2225,49.2,28.48,2,42.22,20.54,6.98,1,24,36.27,30.68,28.57,45.69,94.68,5,1,59.03,60.74,48.3,68.12,49.34,49.09,12.7,64.53,16.35,4.39,60,3.47,59.72,41.55,74.97,58.71,60.14,52.67,9.28,0,11.42,7.28,6.8,14.91,6.69,14.3,9.46,13.99,11.97
Sivasagar,Assam,80.41,992,66,70.92,66.43,52.92,50.79,83.51,52.21,50.33,44.13,50,55.25,55,57.77,73.65,72.04,50.97,19.95,45.32,41.72,3731,78.07,52.78,28.15,73.81,4.6,1.31,2.35,46.26,33.21,54.68,57.6,54.39,40.72,54.62,7.94,28.46,55.51,74.1,67.47,26.52,43.03,25.6,51.17,14.71,11.71,56.11,4.98,61.77,25.74,53.94,45.98,49.8,40.29,0,3.07,6.68,10.3,3.6,3.59,15.21,5.23,24.44,26.84,7.11
Sahibganj,Jharkhand,52.04,994,36.81,51.11,37.63,36.23,21.44,75.74,40.67,40.73,67.36,50,18.85,55,43.85,43.19,28.15,25.16,18.33,30.01,54.67,2986,45.69,27.06,31.13,36.4,2,1.42,7.76,45.5,19.16,40.38,31.62,54.72,64.52,39.32,1,24.53,48.91,65.09,64.56,15.58,38.58,25.75,70,20.2,9.78,60,6.73,82.26,77.82,38.83,56.44,61.54,55,5.02,2.31,3.46,4.77,5.38,7.26,4.8,10.34,15.46,2.51,13.63
Chikmagalur,Karnataka,79.25,997,66.21,72.42,62.58,54.4,27.1,76.76,26.22,62.01,61.23,47.18,52.96,44.42,26.95,41.49,65.01,41.25,18.13,56.91,50.93,1806,62.74,27.86,22.4,50.81,18.06,11.45,9.04,19.76,19.19,46.38,25.25,76.02,43.46,46.73,5.8,49.28,42.74,83.32,66.34,20.32,49.49,18.44,64.71,28.6,5.15,43.73,2.6,62.77,43.31,45.83,44.06,47.59,51.53,7.66,2.16,15.49,8.65,1.25,21.21,8.85,8.92,6.97,8.18,17.56
Jagatsinghapur,Orissa,86.59,976,64.48,73.83,73.07,72.82,45.1,75.43,71.65,62.77,55.95,50,50.89,45.16,37.83,43.53,57.55,43.35,24.64,44.57,77.47,958,77.43,38.85,23.22,70.6,13.46,13.2,7.41,72.01,68.23,56.19,42.68,47.89,45.82,43.16,1.2,31.55,68.86,53.8,83.12,29.86,34.79,28.18,57,22.63,12.68,44.3,6.44,76.65,52.15,71.38,63.71,63.32,37.95,12.69,1.98,5.49,4.7,8.03,21.89,11.94,2.44,26.14,13.43,16.53
Ambala,Haryana,81.75,904,63.6,75.14,80.43,46.46,48.69,89.64,63.58,62.98,50.73,50,58.02,55,43.7,67.08,46.69,54.74,29.17,49,47.61,1826,77.26,47.32,13.23,76.68,17.11,13.51,2.4,67.66,57.15,58.67,45.93,74.02,44.3,45.68,17.2,48.52,49.11,49.21,70.31,29.05,29.71,26.04,55.28,24.19,6.22,50.6,0.28,95,53.41,57.24,54.27,54.45,51.77,1.59,8.29,2.5,7.7,9.2,4.19,14.77,14.43,17.2,14.68,7.72
Sidhi,Madhya Pradesh,64.43,1015,70.06,62.99,62.91,37.48,23.82,83.03,32.9,51.21,43.66,50,59.44,55,36.62,20.95,41.91,48.24,32.43,50.79,35.55,2572,46.7,12.77,26,44.99,28.65,22.11,17.1,45.89,19.97,44.38,43.42,66.79,55.98,33.31,6.58,26.31,40.87,51.25,30.01,18.07,40.16,34.37,53.46,10.36,6.82,60,2.31,56.34,76.5,59.26,66.37,63.68,55,7.71,2.89,9.2,7.42,9.62,17.04,12.85,11.68,12.24,11.73,18.15
Jehanabad,Bihar,66.8,904,68.5,45.77,49.91,57.12,31.54,80.65,54.96,45.26,70,47.15,29.37,39.47,34.03,42.37,53.87,45.09,31.46,32.63,39.19,2737,55.18,19.58,30.24,61.39,20.25,6.21,12.59,42.75,46.33,82.96,60.65,24.52,46.12,60.67,7.16,45.09,49.88,76.21,94.22,5.46,36.69,43.28,70,14.84,9.81,44.95,0.97,62.34,43.51,73.81,56.9,60.01,51.08,4.4,3.57,4.93,5.53,8.38,19.07,7.85,13.24,14.62,10.81,0.61
Tarn Taran,Punjab,67.81,962,42.86,69.14,83.93,41.51,21.59,62.75,55.75,40.83,70,50,39.46,55,42.51,39.11,49.01,37.61,29.69,65.25,39.58,3423,55.67,30.7,20.68,63.74,25.59,17.36,5.58,40.94,30.41,58.44,40.56,63.89,95,8.93,7.83,45.2,41.59,52.32,36.4,24.39,42.39,28.59,63.28,24.6,10.15,60,4.58,70.94,58.86,65.27,62.76,64.43,55,1.21,10.79,4.92,0,4.04,16.32,7.49,17.98,7.41,7.39,6.64
Shrawasti,Uttar Pradesh,46.74,920,48.35,39.71,48.03,41.72,39.83,73.46,57.85,49.17,70,50,27.19,55,37.66,23.93,46.57,30.05,20.82,44.76,18.76,1215,43.35,31.45,49.89,29.56,22.45,13.06,5.96,7.1,36.68,64.72,37.57,10,53.73,40.28,3.47,23.55,20.83,53.42,79.37,24.07,28.15,21.12,70,19.86,4.95,60,0.4,87.37,62.68,67.98,64.8,70.17,55,11.38,6.33,8.69,10.12,7.68,10.67,18.89,13.05,9.4,14.22,10.34
Bundi,Rajasthan,61.52,947,59.25,58.35,67.74,60.06,27.5,88.78,11.11,42.23,55.56,50,39.25,52.85,54.51,41.15,59.35,46.53,29.29,38.12,23.13,1805,57.35,42,2,50.47,14.84,16.96,10.21,37.03,27.88,66.75,54.44,40.1,79.78,19.69,12.22,18.83,44,90,41.54,17.25,42.73,14.69,61.95,22.82,6.98,52.8,3.8,63.27,34.23,47.98,43.15,48.1,55,2.14,4.02,5.78,14.96,9.38,1.35,11.39,11,9.53,10.03,12.25
Idukki,Kerala,91.99,963,62.51,91.17,73.28,60.38,71.99,78.45,65.13,72.42,43.67,50,71.79,54.01,57.54,57.47,52.96,62.15,52.12,56.52,61.21,1140,73.78,38.84,21.96,90.81,7.98,6.06,9.98,36.79,46.23,57.92,70.23,67.26,50.13,57.2,10.56,38.94,53.21,30.8,86.35,40.36,42.01,51.51,50.73,23.91,11.45,51.07,0.52,75.94,32.82,13.94,24.45,24.34,44.48,9.88,7.18,0.67,7.56,7.84,11.42,7.62,18.54,14.76,24.32,10.9
Hamirpur,Uttar Pradesh,68.77,963,64.77,52.29,65.03,54.95,59.19,85.91,33.61,61.54,53.3,50,46.4,55,27.6,46.75,37.14,10,5,50.16,53.92,995,46.51,34.07,5.91,63.66,20.65,10.08,2.17,24.63,34.36,53.27,38.17,57.79,95,7.5,11.67,33.71,38.27,61.42,60.83,31.89,32.99,37.88,60.98,20.33,4.73,60,6.52,70.22,44.27,51.66,39.22,42.31,53.27,0,1.99,11.79,4.55,7.56,13.06,12.69,11.05,17.17,8.67,7.17
Jorhat,Assam,82.15,967,81.99,68.97,76.79,45.97,43.07,99,37.84,93.06,63.35,50,61.66,55,43.41,50.96,45.35,42.81,39.25,43.03,78.63,1635,78.08,43.52,30.56,67.74,18.84,16.51,2.58,29.43,37.29,54.96,44.84,22.64,68.1,42.47,3.13,50.16,64.37,53.89,70.76,26.62,19.5,31.8,48.25,31.66,10.92,49.47,2.25,63.92,58.66,39.37,43.76,45.08,44.4,4.04,2.73,13.33,7.83,5.57,12.19,13.11,9.97,13.46,26.23,11.46
Narsimhapur,Madhya Pradesh,75.69,1015,50.54,66.1,76.38,60.53,25.29,90.46,95,49.38,57.21,50,46.73,55,40.73,50.43,45.21,40.15,21.77,32.96,40.21,2530,55.38,18.21,2,67.66,27.15,20.46,8.93,5,58.42,54.69,36.63,35.62,77.06,22.37,12.54,40.64,72.98,50.49,35.21,20.67,47.37,25.01,54.89,14.75,7.44,56.52,3.76,58.69,56.75,62.62,58.18,56.64,55,8.29,2.92,7.75,11.58,2.28,13.38,3.23,17.02,14.12,6.81,11.01
Mewat,Haryana,54.08,968,36.38,43.19,60.73,39.85,5,79.12,51.04,44.57,59.71,50,40.16,55,35.92,33.57,51.19,40.07,28.61,33.26,28.22,2894,48.14,26.41,3.99,40.49,16.49,6.61,1,15.25,40.53,33.03,14.52,10,51.36,45.36,12.08,34.17,30.14,37.84,75.94,45.8,13.06,46.34,70,12.45,3.03,60,0,55.86,53.21,21.67,40.38,39.2,54.31,8.87,4.75,12.1,12.12,10.57,6.94,12.43,8.32,11.37,10.74,6.23
Ramanagara,Karnataka,69.22,940,67.09,74.44,68.71,53.18,14.45,71.87,37.27,48.18,53.76,50,56.23,55,42.73,33.62,55.6,38.81,20.68,47.11,32.28,1346,57.78,26.83,12.4,67.75,15.03,8.03,5.34,51.59,39.39,47.77,39.3,31.15,79.58,15.01,7.07,38.26,48.12,43.05,71.24,11.15,16.59,25.08,67.78,4.88,6.21,60,0.01,95,64.79,63.25,62.06,56.09,49.52,7.75,5.4,7.16,10.65,4.89,8.58,2.47,20,17.18,8.85,17.01
Anantnag,Jammu and Kashmir,62.69,989,54.73,50.42,52.6,37.43,12.01,47.36,5,43.98,70,50,36.56,55,59.08,37.66,40.3,44.98,21.37,44.83,51.12,1472,54.59,37.37,23.19,62.19,15.71,8.55,10.24,66.16,46.77,53.79,40.57,69.58,68.03,32.09,11.58,41.48,39.23,47.65,74.26,19.04,32.35,6.45,63.18,24.99,6.88,60,1.45,41.88,42.15,53.02,48.71,49.56,55,9.94,1.15,0,8.78,8.64,0,6.78,13.96,17.62,12.72,6.67
Kaithal,Haryana,69.15,998,62.38,58.35,54.23,31.79,57.17,75.98,72.8,48.02,70,50,56.22,55,32.49,32.92,49.84,26.63,19.85,42.26,51.27,598,71.99,39.39,12.85,59.74,8.81,11.86,1,18.02,18.51,57.03,23.69,46.85,55.18,49.5,9.09,31.64,69,63.92,79.24,19.57,3,30.18,55.8,14.44,1,60,4.7,43.31,52.44,55.66,55.85,56.27,53.86,4.85,5.22,13.48,9.7,12.43,15.45,5.07,22.41,12.52,8.93,16.24
Gadchiroli,Maharashtra,74.36,901,64.18,68.35,66.66,57.08,41.35,74.09,18.1,49.2,70,50,52.58,55,45.52,35.25,67.38,45.3,35.52,64.79,34.09,2393,87.51,37.91,12.97,65.05,32.47,22.12,11.87,38.29,26.16,58.94,57.09,61.4,42.56,57.94,1.62,38.21,53.38,70.34,67.68,28.59,51.6,12.27,59.97,29.13,9.32,60,4.32,68.67,53.3,59.9,58.22,56.75,54.47,11.57,5.81,8.5,7.47,7.73,6.51,9.35,12.64,11.49,4.15,12.78
Golaghat,Assam,77.43,974,66.98,61.27,74.66,33.57,47.3,82.68,24.93,60.49,61.11,50,64.66,55,70.84,42.42,74.41,54.52,36.5,39.25,35.63,1541,52.75,17.01,17.83,57.83,29.4,22.74,7.96,54.77,48.28,56.87,45.98,58.27,57.72,40.49,7.27,37.86,59.11,22.98,61.84,32.93,30.21,30.23,67.52,20.98,9.32,60,5.17,68.05,42.55,49.54,44.4,49.9,39.21,7.43,2.6,9.75,3.18,8.52,9.75,7.81,18.69,23.46,11.58,15.69
Shahdol,Madhya Pradesh,66.67,978,41.74,57.23,56.11,43.5,5,76.15,38.37,39.87,57.47,50,44.65,55,29.65,38.57,50.93,20.64,8.05,35.29,51.43,3697,64.54,35.33,17.09,45.85,5.87,1.35,8.61,25.64,45.49,62,47.09,58.65,56.18,50.1,6.07,27.75,56.82,33.37,52.84,8.96,51.55,43.13,59.15,16.29,9.11,47.75,0,71.4,89.53,44.67,63.66,68.95,52.48,8.94,3.5,8.47,5.49,2.19,12.27,9,3.17,0,21.31,4.02
Saraikela Kharsawan,Jharkhand,67.7,938,66.25,63.15,69.66,56.8,17.65,74.16,73.33,60.12,26.96,50,51.2,55,38.98,41.04,22.41,69.01,70.3,52.26,45.22,2569,56.3,11.6,37.85,54.53,26.04,18.6,6.83,47.17,40.59,49.15,33.49,78.46,77.64,25,8.34,45.57,46.77,64.86,58.35,16.78,55.26,6.93,66.25,10.56,3,46.66,4.01,51.88,22.59,68.16,41.44,45.73,55,7.45,0.59,8.09,5.71,2.82,8.2,0.53,20.69,16.52,8.54,14.27
Gadag,Karnataka,75.12,1005,73.04,65.28,78.35,54.5,53.38,56.65,60.46,59.29,57.9,50,52.18,55,29.98,56.07,56.8,56.85,43.7,40.97,54.17,2046,72.23,35.58,28.23,63.15,2,7.82,6.78,34.39,18.72,73.01,58,53.94,57.82,41.61,12.08,48.44,46.94,66.38,83.1,30.37,27.83,16.2,57.16,25.77,9.48,53.21,1.88,49.6,73.61,59.49,75.46,82,39.46,7.97,0,9.71,8.17,8.79,5.64,9.62,17.14,12.8,17.57,15.24
Karur,Tamil Nadu,75.6,944,59.41,67.39,54.98,72.4,44.66,66.72,41.84,62.64,54.62,50,51.96,55,42.57,39.38,63.49,42.82,33.16,40.92,34.77,1623,71.92,41.4,16.11,72.76,27.85,16.3,7.36,56.43,28.83,34.41,29.42,76.21,27.41,68.76,1.43,51.22,64.21,28.65,52.43,17.02,48.88,37.38,70,18.57,7.34,59.75,1.38,60.72,67,61.02,65.38,68.64,55,2,0.56,9.81,0,3.35,12.28,4.49,9.13,16.46,15.15,8.68
Rohtak,Haryana,80.22,955,64.73,68.49,58.77,66.41,40.92,83.72,51.17,59.46,53.27,50,58.74,54.98,34.76,50.49,59.39,35.17,18.28,57.39,25.6,855,79.46,35.25,45.16,75.57,11.04,7.75,6.95,11.92,49.12,67,53.46,10,73.63,25.1,6.23,29.53,58.88,70.74,37.35,20.18,15.16,21.01,55.84,21.14,13.68,59.51,1.93,78.61,67.12,48.68,63.42,66.54,54.01,2.23,6.16,15.32,9.04,0.98,2.08,21.42,18.19,14.64,13.77,15.42
Chandigarh,Chandigarh,86.05,943,54.23,66.84,69.53,53.7,55.1,98.59,32.99,65.2,48.91,50,65.6,55,59.89,53.05,68.2,45.92,22.55,49.7,41.13,969,75.42,49.43,25.9,74.62,21.6,7.22,8.57,15.12,76.45,68.19,59.69,80.23,85.28,17.08,4.71,45.35,45.26,54.75,50.19,27.07,36.07,31.98,62.27,23.84,10.67,42.65,2.77,49.73,56.44,51.75,51.6,57.5,45.62,3.84,5.57,11.19,0,0.02,14.83,8,5.4,21.9,27.43,6.99
Mandla,Madhya Pradesh,66.87,951,60.3,62.43,61.54,47.08,59.66,76.83,47.79,54.14,46.62,50,34.31,55,38.55,32.82,52.04,39.44,21.43,45.48,48.38,1640,49.72,36.87,8.37,66.36,2,1,1,40.03,51.39,43.68,43.12,32.2,32.01,64.09,4.88,46.19,37.85,68.45,74.09,13.24,23.37,32.01,70,21.13,6.97,60,4.32,67.27,75,49.79,66.14,72.12,54.96,8.06,9.78,14.88,8.65,4.35,14.3,8.71,10.02,14.13,11.8,8.13
Chatra,Jharkhand,60.18,906,55.86,66.45,48.87,41.65,27.79,81.93,46.47,36.84,69.47,50,56.46,55,21.87,36.99,31.77,40.38,32.88,35.13,61.44,1571,58.57,24.08,23.08,43.61,6.01,2.23,1,36.73,52.03,43.84,48.92,36.54,94.49,5,4.71,48.31,38.18,39.67,60.46,28.33,39.75,37.67,70,12.2,11.04,60,5.25,57.32,48.27,22.09,33.75,39.55,55,3.65,4.11,16.54,11.68,4.31,8.25,13.48,7.89,3.73,12.88,13.7
Palwal,Haryana,69.32,892,56.37,62.52,73.58,32.7,37.63,89.43,64.38,51.06,64.73,50,29.93,55,48.21,53.62,41.2,57.67,26.68,39.91,36.44,1301,59.87,30.54,26.43,67.54,22.69,9.44,9.23,33.99,42.2,58.7,37.33,43.91,87.14,10.46,8.27,16.01,57.79,29.98,74.07,32.35,42.36,19.24,54.51,23.17,9.3,57.01,4.04,42.13,60.89,27.9,44.31,46.35,37.52,4.82,4.16,0.94,10.58,7.99,8.53,16.61,18.52,5.15,14.29,9.67
Lakhimpur,Assam,77.2,1014,74.14,71.06,69.42,44.64,44.21,68.27,64.34,53.74,60.5,50,47.19,55,44.62,48.56,51.97,37.89,14.19,33.02,73.63,2539,63.75,43.02,11.75,59.3,10.99,13.75,2.08,45.37,46.45,68.45,46.75,79.68,50.64,49.11,10.09,37.39,64.47,49.44,34.99,25.46,27.76,2,50.22,25.56,4,55.98,4.27,45.78,56.1,48.03,51.21,49.82,55,5.71,5.01,15.38,3.42,2.03,6.06,4.11,20.49,12.82,23.32,10.52
Sambalpur,Orissa,76.22,916,58.82,73.45,64.94,47.75,76.61,82.4,54.88,52.66,63.73,48.12,52.41,55,53.35,48.45,65.2,49.86,34.23,54.75,55.69,2663,60.98,33.53,7.37,74.7,9.6,2.05,1,18.25,29.52,35.93,29.84,40.21,41.89,64.93,9.39,34.74,70.82,50.24,20.26,42.1,37.63,31.76,70,21.88,4.59,54.89,6.65,78.66,51.52,19.96,33.1,35.7,55,11.67,0.8,12.27,9.49,9.13,9.09,12.87,10.31,16.76,7.75,17.05
Sirohi,Rajasthan,55.25,910,52.08,40.84,36.55,18.31,5,69.11,37.75,25.08,70,50,42.8,55,16.62,24.69,33.25,17.12,12.83,26.2,16.43,1787,55.01,19.1,21.04,46.86,31.96,24.71,17.08,10.35,41.81,52.93,33.46,44.88,80.95,13.25,8.74,47.3,32.78,49.24,68.96,33.71,43.23,8.17,70,24.06,11.3,60,4.39,55.94,56.83,48.24,49.94,50.12,55,8.41,6.71,11.44,9.82,1.36,10,14.83,5.37,16.48,22.27,0.47
Mahasamund,Chhattisgarh,71.02,864,48.07,75.84,48,50.19,47.86,88.38,59.84,66.08,53.29,50,65.48,55,43.49,66.24,55.72,35.55,15.17,48.03,45.18,3942,73.19,39.11,15.68,44.38,40.11,27.01,16.23,26,38.18,48.57,31.48,38.77,37.35,63.78,10.49,10,48.36,47.98,80.07,24.51,32.63,38.22,59.55,24.8,4.59,60,2.57,83.66,40.77,35.69,38.11,42.63,41.16,0.15,5.15,13.95,13.82,1.44,9.41,10.92,7.14,9.44,21.8,9.94
Gumla,Jharkhand,65.73,924,54.06,60.57,60.53,43.52,32.72,79.82,43.16,45.38,59.85,50,27.43,55,45.43,31.66,50.76,42.39,16.7,40.89,49.81,628,46.31,18.65,37.75,61.71,27.37,17.94,12.15,28.01,44.46,64.65,52.29,63.11,49.97,48.64,17.52,20.04,40.58,85.47,39.34,21.14,65.55,26.49,41.24,15.83,7.83,56.28,4.16,64.44,45.04,48.78,45.15,48.56,55,6.64,1.16,7.68,8.46,5.42,18.24,10.82,13.55,0.77,15.13,9.6
Jhabua,Madhya Pradesh,43.3,897,35.73,50.39,30,13.58,29.48,81.58,23.36,41.11,70,50,25.23,55,18.73,10,49.01,34.95,32.47,28.24,10,2252,41.78,31.84,28.89,43.28,7.08,12.03,1,29.89,24.18,16.74,19.76,72.87,38.33,60.53,8.54,40.38,32.66,24.4,72.89,46.06,28.08,23.45,70,15.53,3.87,60,6.42,44.48,78.7,52.72,66.09,69.6,46.22,4.79,5.12,12.01,11.1,5.16,2.25,7.44,13.18,9.95,11.75,3.31
Chamarajanagar,Karnataka,61.43,1016,53.33,50.16,65.06,47.04,22,68.61,36.93,55.77,64.22,50,21.73,55,18.68,47.18,44.51,26.68,18.86,41.5,44.59,2003,49.24,31.93,12.31,48.56,35.64,11.86,11.73,57.84,37.14,78.13,68.8,92.09,62.11,45.59,12.08,25.16,51.94,39.79,82.85,17.06,53.18,35.29,57.15,36.81,18.26,56.42,1.26,72.16,90,20.27,52.62,53.68,55,5.09,6.28,3.71,5.25,6.74,6.46,8.39,10.96,11.27,11.15,14.71
Panna,Madhya Pradesh,64.79,990,49.9,71.04,55.53,52.51,33.14,86.48,46.69,39.78,70,50,45.67,55,35.14,37.5,29.57,32.11,8.36,47.29,52.95,1704,43.33,21.32,25.11,52.1,2.39,1,1,48.87,34.58,40,28.46,95,88.37,12.04,11.86,16.59,43.7,47.47,64.93,21.73,46.04,6.1,60.98,29.61,12.35,52.14,2.14,52.98,62.8,55.2,61.12,68.18,49.46,6,0.01,1.94,3.59,1.47,14.66,9.46,8.02,12.38,13.71,6.08
Goalpara,Assam,67.37,922,54.21,66.06,91.22,49.43,46.09,99,63.2,43.56,66.01,50,49.88,55,51.79,36.79,55.26,56.21,23.38,39.88,45.21,1572,58.45,33.28,35.21,55.99,14.96,4.32,6.58,44.6,39.75,69.21,55.61,71,68.75,26.68,15.11,51.44,58.48,55.43,78.52,20.08,3.96,24.6,67.76,18.61,2.53,60,5.9,59.35,67.5,42.81,53.78,60.16,48.44,10.5,7.17,11.66,10.46,6.06,21.27,7.87,22.77,6.62,15.57,6.52
Baramula,Jammu and Kashmir,64.63,1040,61.73,62.04,80.09,42,80.47,65.91,41.33,70.42,70,50,61.15,55,49.06,32.23,68.39,51.26,27.86,57.67,38.04,2194,48.27,16.08,3.27,39.53,18.55,2.25,9.06,39,47.55,49.72,39.23,65.31,80.33,24.11,10.24,14.96,38.92,67.8,67.86,29.77,50.9,32.37,70,24.46,12.53,60,2.42,81.99,58.78,12.84,40.72,40.51,41.9,2.75,2.65,8.65,10.51,0,6.68,14.44,9.28,17.6,8.38,0
Lakhisarai,Bihar,62.42,989,47.45,57.82,53.76,49.61,44.57,73.92,20.82,62.06,70,50,44.9,55,29.19,59.91,52.7,38.71,29.09,25.22,35.38,1997,40.43,16.21,7.73,34.14,37.24,18.23,12.91,27.18,19.14,39.51,29.77,33.65,55.67,48.41,4.62,43.48,50.5,70.58,61.06,52.06,45.04,30.03,70,11.5,8.69,60,4.53,45.65,61.83,42.63,52.08,49.77,55,6.82,0,8.99,4.46,0,16.06,5.64,8,7.15,20.08,13.81
Mandi,Himachal Pradesh,81.53,937,50.08,71.64,66.93,63.87,31.2,80.78,46.13,64.05,51.88,50,67.51,55,29.44,53.17,50.12,18.93,16.12,54.81,46.14,1847,63.05,47.1,19.87,79.71,27.13,17.72,6.32,19.63,26.93,63.02,40.74,95,63.75,31.24,9.22,20.52,47.26,74.38,77.32,27.96,31.6,21.13,56.25,14.21,1.85,48.86,5.58,58.26,63.16,56.07,59.31,62.99,52.04,7.16,6.92,5.01,2.15,10.48,5.25,14.28,19.88,16.22,17.43,10.91
Moga,Punjab,70.68,850,75.51,72.02,70.9,52.55,31.05,87.44,47.27,57.14,19.23,50,55.31,41.52,33.7,49.01,40.12,70.47,51.34,57.84,28.3,1031,51.86,28.95,20.43,53.49,13.36,5.06,7.72,13.45,43.98,66.22,42.12,62.31,39.92,54.12,9,17.38,28.43,63.67,93.69,21.14,35.16,21.26,56.85,9.02,1.2,60,0.49,48.75,70.53,43.51,61.83,69.67,49.28,5.11,8.03,10.96,7.49,8.14,9.05,16.64,11.31,14.1,14.84,9.29
Mohali,Punjab,83.8,1042,81.66,76.4,86.5,50.41,38.48,71.29,48.72,61.18,62.09,50,54.31,55,40.47,52.23,49.94,46.66,16.07,63.43,42.03,744,66.06,43.77,19.37,86.07,8.55,10.04,3.13,22.5,63.38,42.46,37.18,52.22,60.26,41.79,11.26,42.6,42.5,23.86,56.63,27.26,36.9,45.52,65.44,21.29,10.02,60,2.18,47.15,78.05,42.53,58.8,56.69,52.77,3.45,0.63,6.87,7.18,4.99,11.05,11.85,16.07,17.83,12.43,11.72
Chitrakoot,Uttar Pradesh,65.05,894,40.86,44.78,40.9,48.3,7.1,44,63.4,53.75,55.57,50,31.45,55,41.13,42.27,67.32,33.77,22.05,35.79,34.03,1940,44.69,26.44,16.27,66.26,28.02,17.14,4.04,34.23,56.09,59.2,37.74,65.75,48.57,51.27,4.51,22.14,45.51,25.04,63.68,9.25,49.25,37.95,70,21.38,10.6,60,5.41,57.9,41.73,52.46,45.87,50.04,50.99,2.98,0,8.77,7.94,0,7.55,1.05,7.75,7.99,18.86,14.53
Bangalore Rural,Karnataka,77.93,884,70.34,62.32,47.79,66.51,36.81,94.31,65.38,55.5,45.23,50,57.3,55,41.6,63.54,52.38,37.7,34.03,46.47,48.12,1838,63.08,45.21,16.09,78.78,12.67,6.61,1,14.21,28.17,57.72,29.07,45.27,59.12,38.53,13.07,41,69.28,75.65,50.14,22.75,24.22,19.03,58.13,27.67,18.13,60,2.75,52.14,90,42.33,64.06,63.98,38.65,4.32,7.98,6.57,10.54,3.63,8.9,13.06,16.04,9.41,15.36,18.14
Rayagada,Orissa,49.76,991,37.29,43.48,41.12,28.87,35.85,87.13,33.12,21.04,66.16,50,19.91,55,18.33,26.85,30.72,34.4,31.3,24.76,23.17,2023,36.59,10,24.61,37.09,20.17,11.51,8.25,38.05,22.53,49.29,36.71,11.25,57.88,47.4,8.02,47.52,32.8,74.49,67.33,45.45,52.2,43.18,70,17.3,9.59,55.69,0,60.89,57.07,45.73,52.01,50.54,55,8.95,2.15,4.99,11.12,6.35,4.18,6.78,17.41,13.22,7.33,0.53
Kurukshetra,Haryana,76.31,1048,64.87,70.85,70.43,74.4,21.67,57.08,32.68,49.29,49.75,50,66.37,55,55.22,28.3,53.02,47.79,31.55,59.41,35.36,2102,67.87,35.82,33.61,52,4.3,2.3,1,31.5,24.22,57.1,54.47,69.44,56.34,40.7,11.36,35.19,47.65,66.45,62.65,32.94,14.82,36.06,58.82,27.53,18.21,57.18,1.98,74.58,57.08,28.78,40.72,46.48,55,4.57,8.03,7.96,7.03,3.62,14.37,7.36,6.3,16.5,9.83,9.59
Nayagarh,Orissa,80.42,1005,68.26,71.98,72.24,51.04,58.98,70.71,24.2,63.53,57.87,50,54.67,55,45.92,58.67,54.1,56.62,52.76,48.89,57.37,1730,73.11,53.37,14.23,59.66,23.69,13.31,10.02,27.85,37.62,52.37,16.92,84.85,95,7.11,9.24,58.31,56.09,40.24,82.38,39.77,5.36,32.86,65.33,24.22,9.75,53.24,4.59,53.74,48.81,41.71,47.59,52.57,55,5.6,0,14.93,3.02,9.68,6.51,11.81,9.8,16.15,15.28,7.52
Jhajjar,Haryana,80.65,973,63.14,81.12,78.12,56.78,50.71,96.82,58.98,54.5,36.02,50,68.41,55,49.58,54.35,73.1,34.21,25.4,59.01,52.84,2009,70.63,46.5,49.26,64.98,22.89,10.62,4.91,55.91,57.83,46,32.19,69.14,93.82,12.05,8.49,42.76,45.3,49.19,86.3,37.16,38.31,33.32,70,38.67,16.62,51.84,5.55,42.98,48.86,80.15,64.37,66.98,55,1.37,8.22,6.64,4.1,6.89,7.68,15.53,7.57,20.15,10.28,11.2
Morigaon,Assam,68.03,974,48.18,47.57,47.22,40.9,24.8,95.37,73.98,52.29,48.4,50,42.82,55,16.72,42.11,39.07,35.27,29.5,50.26,34.35,1432,55.94,41.37,43.53,38.84,5.58,8.57,2.49,5,37.26,60.49,50.77,57.86,87.49,10.81,8.94,45.04,40.78,47.82,76.82,16.49,47.63,13.25,60.18,32.34,11.23,59.13,3.1,74.62,64.25,52.85,61.07,67.28,55,4.1,7.22,8.37,4.61,2.23,7.09,1.69,9.83,13.95,15.34,9.84
Karbi Anglong,Assam,69.25,984,50.03,63.33,36.85,50.71,34.43,89.26,38.7,45.27,61.88,50,51.16,55,10,47.2,61.82,63.99,38.75,72.16,47.63,3572,56.76,31.16,35.95,55.06,28.32,15.29,8.4,28.09,33.6,61.09,31.23,58.27,94.31,5,10.69,10,46.88,36.55,80.7,47.94,27.49,45.06,68.74,30.94,10.81,59.38,3.97,53.64,64.56,54.31,61.61,67.42,52.86,6.92,5.62,7.67,6.52,0.21,7.36,10.29,22.61,10.61,17.72,3.51
Nainital,Uttarakhand,83.88,980,58.75,62.77,78.1,41.29,69.3,75.89,40.17,60.04,55.9,50,60.81,51.49,28.88,45.88,60.74,49.64,23.54,61.85,44.89,1480,64.6,31.23,27.47,69.68,23.55,13.39,15.25,5,52.68,69.08,50.1,61.45,87.55,10.43,15.83,47.87,48.38,59.66,54.43,3.69,3,38.42,45.82,25.69,10.72,45.61,2.26,92.42,63.48,39.72,50.06,46.62,55,0,0,5.81,4.94,7.62,11.72,19.96,14.54,17.69,14.81,14.06
Puducherry,Puducherry,85.44,961,60.76,82.21,62.25,54.35,57.27,79,74.34,74.45,55.15,46.97,59.36,55,41.23,51.51,72.61,45.65,20.39,51.7,52.02,1866,66.12,28.15,44.1,62.27,25.4,18.66,12.69,39.29,37.45,67.12,41.22,60.83,61.6,39.35,1,46.68,35.62,90,50.68,28.99,9.13,29.94,48.7,11.85,2.99,52.65,4.81,58.87,48.18,43.69,43.72,46.24,54.62,10.18,2.91,15.15,6.02,7.52,11.31,4.51,24.69,17.63,18.27,11.02
Baksa,Assam,69.25,954,56.27,61.66,39.83,37.55,36.68,76.43,55.11,55.84,50.58,48.59,44.15,55,45,39.97,65.84,28.33,18.45,33.87,53.25,1549,64.49,26.69,16.52,50.54,14.21,10.83,10.36,48.72,57.2,64.42,40.26,56.79,59.75,45.27,10.16,29.76,39.66,46.08,71.55,2,36.11,29.92,69.88,21.34,1,55.5,5.85,62.96,15,46.34,29.68,36.82,55,3.63,7.02,2.19,7.3,7.27,23.59,9,21.9,14.84,19.95,13.51
Ramgarh,Jharkhand,73.17,947,52.72,68.79,64.01,52.57,35.34,91.54,53.72,57.12,46.32,43.74,55.14,55,12.14,36.8,53.41,47.66,26.9,48.46,36.66,1533,48.12,32.92,10.01,60.43,19.79,8.4,7.02,10.68,40.33,72.12,50.87,58.51,66.24,31.15,8.18,58.48,54.08,78.34,65.3,4.44,29.86,25.9,62.85,36.98,12.79,60,4.54,30.44,28.07,63.99,46.06,50.26,55,13.05,0,8.57,4.43,10.06,9.77,6.92,19.79,8.76,13.77,11.1
Fatehabad,Haryana,67.92,920,62.76,55.08,67.08,57.49,36.9,67.49,21.18,59.76,54.18,50,38.28,55,56.47,55.02,46,51.33,16.65,46.35,26.68,2222,57.09,35.51,13.69,60.58,18.63,15.88,9.81,12.98,32.53,29.84,13.39,89.1,58.21,50.41,7.29,27.61,52.02,39.06,94.99,36.23,47.98,20.18,57.17,23.06,12.45,60,2.76,47.57,55.2,69.18,63.19,55.89,43.38,7.68,2.43,4.78,8.29,6.37,10.5,13.52,21.73,7.33,13.06,3.32
Darrang,Assam,63.08,939,67.18,65.73,54.78,50.62,25.17,68.33,58.57,52.46,64.55,50,32.06,55,36.74,20.9,46.66,47.04,20.02,22.05,36.11,2108,51.03,27.53,7.96,46.49,16.52,13.43,6.15,5,41.74,21.59,10,67.45,43.28,50.23,1,12.19,56.75,27.34,36.18,16.7,31.02,33.41,68.53,12.43,5.19,60,3.87,30.81,60.04,42.73,52.72,51.07,54.08,0,5.19,11.84,14.31,5.28,17.68,3.75,19.96,15.76,12.64,11.92
Mahendragarh,Haryana,77.72,882,57.49,77.24,60.94,30.69,10.06,90.12,26.42,72.63,68.22,50,66.83,55,59.07,74.96,54.57,40.75,21.9,47.27,30.27,1786,70.86,43.04,21.46,68.4,19.71,13.7,12.78,36.15,54.02,78.36,58.3,60.1,67.34,33.48,10.32,47.03,62.53,72.77,74.29,39.94,19.63,17.46,68.17,21.69,8.91,60,4.9,69.41,48.7,49.63,49.07,55.51,43.25,7.11,0.52,9.67,6.33,7.29,12.12,2.15,23.23,13.25,13.34,6.3
Muktsar,Punjab,65.81,946,56.75,63.31,56.18,66.49,65.12,77.47,22.32,47.26,40.04,50,53.34,55,25.56,50.01,31.21,42.24,31.16,49.04,36.16,1945,44.54,25.64,23.6,57.03,30.56,17.71,10.41,28.87,55.35,35.1,44.14,71.18,33.81,64.99,7.5,15.56,35.61,51.06,74.05,2,34.33,28.81,55.52,11.08,2.14,58.78,3.06,63.77,44.61,46.24,43.38,43.32,47.27,4.73,7.9,14.91,4.27,8.7,10.51,14.16,16.27,2.13,11.4,4.95
Pakur,Jharkhand,48.82,910,46.61,43.03,43.03,37.13,26.62,94.54,38.06,33.06,68.5,50,34.83,55,32.9,10,52.26,49.47,29.55,28.85,25.92,1552,41.6,30.58,22.41,41.87,28.75,16.65,4.47,29.98,24.33,28.82,27.68,71.19,64.48,42.26,4.66,26.42,29.51,77.88,53.57,23.94,44.22,28.17,70,12.15,5.86,60,4.6,74.45,59.45,62.2,59.07,66.51,55,7.16,7.31,12.67,8.23,7.06,10.33,11.19,17.12,1.93,5.92,6.06
Rewari,Haryana,80.99,906,70.46,76.95,54.16,48.93,49.57,69.94,33.28,53.43,38.08,40.94,73.34,55,45.57,45.9,60.1,58.35,34.43,66.38,19.03,2562,71.59,47,19.85,63.63,6.18,3.01,1,28.38,57.58,56.09,50.15,76.92,44.09,48.54,8.17,55.09,44.43,81.48,50.49,10.41,48.92,31.62,64.09,22.3,13.9,60,3.74,77.11,53.39,57.5,57,68.03,41.54,12.47,4.73,9.41,3.82,5.09,11.97,4.07,16.95,7.99,18.35,11.01
North Delhi,Delhi,86.85,957,70.9,73.22,64.31,62.37,46.24,77.34,40.57,65.39,31.37,50,58.12,55,57.58,50.09,49.82,39.02,15.52,45.21,58.48,4050,58.58,23.69,21.6,63.16,27.85,11.94,16.42,17.48,48.98,42.92,38.57,42.86,60.54,41.59,6.83,47.46,52.56,49.99,59.91,21.06,28.45,38.29,61.32,24.92,14.17,48.75,5.84,79.42,47.85,48.56,46.25,47.61,55,8.82,5.3,12.72,6.41,7.9,15.87,9.66,10.36,20.97,17.01,6.01
Kokrajhar,Assam,65.22,1006,61.34,64.69,62.61,47.42,23.11,66.93,16.18,58.16,70,50,58.88,55,33.07,43.83,26.72,10,6.19,52.42,36.94,1413,46.84,27.95,40.84,69.01,29.91,19.25,12.38,55.37,28.53,46.29,29.14,48.39,65.44,33.34,1.03,29.42,38.12,79.17,40.38,43.58,30.94,31.84,67.38,12.62,6.15,49.42,4.4,61.62,30.77,66.15,50.14,50.18,55,5.1,2.38,13.18,4.29,5.29,17.73,3.59,18.08,11.5,16.04,9.19
South Tripura,Tripura,84.66,987,73.32,87.74,73.25,52.59,43.01,78.09,64.18,77.36,54.65,50,61.02,52,52.24,38.92,36.75,50.89,41.09,68.4,64.98,2555,71.23,25.83,27.44,77,16.49,15.18,7.95,39.9,37.24,50.19,40.13,41.73,55.65,52,8.35,36.34,51.35,39.23,86.86,46.5,40.91,35.32,70,14.52,3.25,51.38,2,66.28,42.34,58.29,52.09,50.67,49.88,0.41,5.77,4.44,2.72,3.54,16.16,14.61,20.55,15.42,22.04,12.34
Mahoba,Uttar Pradesh,65.27,887,41.58,66.24,59.11,47.67,10.17,60.26,67.55,58.16,65.33,50,35.44,55,49.12,39.55,55.13,47.22,29.58,55.25,41.75,2240,59.59,33.84,31.07,63.53,23.08,19.38,14.04,13.68,22.73,48.1,44.86,73.33,32.47,63.39,10.32,47.6,35.65,38.95,95,31.16,19.52,3.72,70,7.59,8.34,60,5.81,73.68,68.99,37.66,57.93,63.86,52.31,9.49,2.21,12.87,3.49,5.36,13.33,11.39,9.4,9.98,7.8,9.28
Kupwara,Jammu and Kashmir,64.51,910,62.07,52.95,46.98,39.08,67.86,72.15,6.05,35.48,70,50,63.64,55,27.67,37.25,40.74,24.18,5,29.5,47.53,2802,56.29,35.79,22.29,54.16,22.94,13.01,1.42,22.39,26.58,53.84,47.01,72.36,40.62,61.46,5.8,17.46,51.87,74.3,59.88,5.86,40.31,32.52,64.8,17.97,10.37,58.35,3.92,53.08,40.56,50.13,43.9,43.68,55,8.04,3.41,10.49,4.36,4.04,12.05,6.43,7.86,6.32,8.72,2.92
Pratapgarh,Rajasthan,55.97,988,55.85,52.9,49.57,35.14,10.06,60.76,64.57,51.24,61.62,50,49.09,55,33.69,24.73,36.83,32.88,9.72,42.32,47.86,2827,52.06,18.12,2,46.26,9.5,11.5,1.89,19.3,44.17,41.66,32.8,32.54,70.25,25.56,9.05,37.81,30.71,27.14,55.41,10.52,26.75,27.9,70,3.43,1,60,2.72,50.93,64.95,47.18,55.09,56.24,55,10.63,2.52,11.45,2.83,4.74,21.19,7.1,9.69,13.87,14.65,8.97
Jashpur,Chhattisgarh,67.92,911,48.31,52.08,37.38,40.68,20.27,86.33,28.79,38.02,54.92,50,46.33,55,14.7,30.23,54.03,35.8,26.19,40.86,39.17,2385,49.1,23.67,2,61.66,14.18,18.75,4.02,60.31,45.84,47.63,39.88,65.82,51.97,48.97,8.43,59.85,35.59,54.97,45.34,26.92,28.94,31.46,60.17,16.61,1.37,58.2,0.29,88.1,75.8,34.19,48.06,46.03,55,5.43,8.31,6.96,12.12,2.46,8.63,7.7,21.14,15.49,12.31,12.67
Sindhudurg,Maharashtra,85.56,941,69.55,81.01,72.4,45.57,39.73,86.6,62.14,74.91,70,46.16,67.16,52.36,55.49,62.36,55.45,49.03,27.62,45.83,51.33,2164,60.02,33.09,44.99,58.05,25.51,15,11.9,47.8,32.16,65.15,68.57,85.44,72.1,26.05,12.18,47.46,58.7,77.49,48.56,15.33,30.04,20.65,54.98,19.64,3.58,54.98,3.46,37.91,43.13,46.4,41.94,42.31,41.4,7.18,7.62,4.73,8.73,8,14.49,4.62,11.58,11.88,17.52,7.45
Ashoknagar,Madhya Pradesh,66.42,972,61.65,62.93,72.46,47.95,54.17,57.24,43.63,48.51,57.68,50,42.46,55,59.99,19.49,53.64,31.67,18.41,42.36,20.97,1809,57.13,33.29,13.62,47.54,13.04,11.93,1.79,32.72,15.57,64.06,54.76,53.29,62.17,35.9,7.59,30.04,52.11,78.7,56.16,32.9,31.81,40.81,70,4.95,1,56.72,6.67,72.5,48.33,68.23,55.41,55.35,54.67,5.01,0.99,3.83,10.77,5.64,16.87,16.7,6.38,18.97,13.7,5.66
Udalguri,Assam,65.41,911,51.96,45.78,42.78,51.64,34.46,94.01,45.58,56.22,68.11,50,54.08,55,21.04,44.98,48.47,53.19,27.01,36.74,54.12,1512,45.76,22.94,12.6,49.22,27.75,6.72,4.91,65.73,22.63,70.21,50.14,64.28,58.44,31.62,11.2,30.55,42.18,47.21,83.13,45.11,56.79,30.01,70,10.94,7.08,53.7,0,70.12,69.81,67.52,70.18,65.76,55,6.35,8.01,0,1.57,7.13,16.22,15.82,6.77,15.5,8.34,12.96
Neemuch,Madhya Pradesh,70.8,954,68.83,55.59,55.16,54.71,18.94,99,41.3,44.52,57.58,50,25.65,53.65,37.84,52.05,50.18,42.18,29.34,58.77,40.73,2113,53.26,19.91,22.95,56.54,31.05,13.89,6.03,61.14,29.62,51.32,37.9,72.61,68.26,33.81,6.75,28.97,55.55,73.17,95,13.21,23.43,18.06,69.89,18.52,10.04,59.61,0,48.15,73.49,64.61,74.47,74.84,55,0,1.61,5.45,5.82,6.45,7.19,7.99,7.58,8.47,16.69,16.94
East Khasi Hills,Meghalaya,84.15,897,91.75,73.75,72.99,67.1,64.31,78.55,69.24,75.9,31.03,50,48.71,48.59,56.85,47.87,43.97,36.53,19.51,64.04,38.42,1044,78.99,43.01,26.6,64.49,29.44,19.59,14.9,30.85,42.64,83.18,53.95,31.59,49.85,44.74,15.87,32.53,60.84,34.79,54.16,14.26,24.16,20.18,67.28,17.43,7.99,54.97,4.53,54.98,45.33,62.47,55.64,61.41,55,7.27,9.56,21.2,8.68,2.29,25.08,8.43,8.72,13.71,18.07,11.96
Kabirdham,Chhattisgarh,60.85,926,42.78,52.66,67.08,45.84,42.48,70.31,20.21,35,43.04,50,52.39,49.67,33.84,37.14,36.36,46.43,26.37,31.07,45.39,1666,53.24,16.06,28.12,54.38,37.8,19.54,10.26,27.61,47.54,58.99,63.02,61.04,69.21,25.21,6.25,31.97,61.37,42.99,51.47,10.83,50.25,37.83,70,17.8,6.7,60,3.47,59.65,30.68,53.33,44.98,52.62,55,7.53,8.71,13.11,13.61,8.97,19.35,4.39,4.61,9.11,7.13,7.33
North Goa,Goa,89.57,963,58.37,72.15,68.74,57.37,56.82,99,57.16,65.79,40.47,48.33,60.2,47.52,51.24,67.7,69.25,34.61,13.96,55.46,27.58,3196,71.59,37.51,41.29,76.79,17.09,21.3,3.77,28.48,42.69,49.48,49.94,83.44,54.45,37.77,5.26,50.77,62.64,59.15,47.48,21.95,36.23,25.98,48.73,21.3,15.63,55.22,4.34,68.25,73.82,40.38,54.97,57.29,55,3.98,10.58,10.59,3.99,4.32,16.3,9.2,16.63,17.68,17.09,14.23
Wayanad,Kerala,89.03,886,74.81,82.85,65.95,70.72,59.15,62.17,67.03,62.69,57.14,50,64.4,55,44.27,44.96,56.05,64.93,46.33,58.51,48.27,2289,70.09,35.02,38.01,86.82,19.77,15.84,9.46,17.85,69.13,48.83,37.29,46.14,95,5,7.6,61.72,72.14,61.8,71.76,25.63,40.75,26.94,68.78,5.63,2.35,45.56,1.95,70.28,63.76,59.02,57.8,60.82,45.84,8.43,4.88,13.81,1.85,3.92,5.97,12.45,11.86,8.88,17.26,18.78
Kapurthala,Punjab,79.07,968,71.52,72.92,46.71,41.77,78.36,78.24,59.33,48.18,60.44,50,41.88,55,38.35,40.22,68.45,56.43,32.09,54.62,58.34,3003,72.18,38.62,10.27,87,21.21,18.62,4.63,66.21,23.33,51.56,56.12,74.65,41.59,60.91,5.09,14.73,51.2,36.14,70.16,25.26,15.58,24.63,64.59,24.67,9.61,53.57,0,64.54,61.01,23.66,41.61,44.83,43.93,9.49,3.16,7.7,7.76,5.64,15.9,15.91,16.21,10.71,19.55,8.46
Shimla,Himachal Pradesh,83.64,949,65.42,73.92,70.4,49.54,77.96,80.16,91.49,66.85,58.96,50,77.03,55,44.96,44.24,82.83,63.5,42.96,68.61,44.93,3523,72.79,35.56,31.62,60.99,17.4,11.16,1,16.88,41.82,78.34,63.81,58.54,55.57,46.69,3.01,10.86,66.63,88.52,66.51,35.77,33.45,39.13,62.87,16.45,5.06,60,1.34,67.83,68.73,39.25,52.12,62.58,45.4,11.6,3.09,7.04,4.31,5.7,0,5.52,0,19.03,22.59,10.61
Tapi,Gujarat,68.26,972,70.73,56.14,79.79,38.14,25.66,94.14,34.42,67.47,49.17,50,59.69,55,38.04,54.94,55.93,37.23,12.79,54.69,32.34,2041,48.3,14.5,15.39,59.2,23.42,10.21,1.87,50.63,46.97,46.53,31.45,44.51,56.3,47.02,10.91,53.23,59.92,21.21,58.34,29.72,41.35,32.79,66.32,14.23,12.33,60,6.12,74.89,37.22,67.68,49.87,48.32,49.79,1.92,5.13,7.55,13.82,12.8,9.84,1.58,19.43,4.35,13.61,8.2
Dhamtari,Chhattisgarh,78.36,959,50.38,77.86,68.71,65.65,66.37,82.32,64.15,82.94,69.14,50,52.85,55,28.92,62.52,70.86,38.23,36.81,55.37,42.02,2387,51.02,25.13,18.35,67.77,2,1,1,47.43,53.26,35.39,33.79,56.07,37.67,57.2,1,38.6,48.84,55.98,85.39,24.3,20.56,12.75,69.71,4.08,3.79,50.99,2.1,74.2,60.87,42.13,52.15,49.71,48.93,8.68,0.96,5.32,9.17,6.79,11.53,4.96,12.51,13.12,7.27,6.09
Jamtara,Jharkhand,64.59,1005,60.37,69.72,56.76,54.64,39.5,72.02,42.88,50.68,51.6,50,41.17,55,34.73,22,54.19,38.3,33.2,42.61,14.63,1928,69.96,45.92,6.87,54.79,20.05,14.3,9.01,29.51,31.5,47.78,39.02,47.48,75.06,26.01,5.13,33.44,37.18,58.53,76.46,25.49,38.8,15.29,70,16.86,3.64,60,2.11,88.01,50.72,60.24,51.92,54.31,55,11.35,0,5.73,5.86,3.54,8.75,12.78,16,5.49,16.55,13.1
Datia,Madhya Pradesh,72.63,955,53.41,61.98,65.43,55.71,46.06,66.59,69.67,65.67,58.55,42.8,61.14,55,58.77,55.65,46.87,40.3,8.9,33.11,52.16,1469,51.96,38.67,2,53.06,4.23,1,1,67.58,51.97,31.18,30.09,40.23,54.28,42.64,2.63,41.52,42.56,23.55,75.81,26.03,27.14,27.05,60.68,23.1,5.78,56,0,80.65,64.04,44.19,56.59,61,52.77,4.6,2.8,8.92,5.87,10.69,18.92,9.78,22.13,17.64,25.52,11.94
Nalbari,Assam,78.63,933,81.17,66.48,66,65.76,16.79,73.9,44.85,63.69,52.72,50,74.87,55,38.22,57,58.11,36.48,15.47,67.96,45.7,1342,71.06,58.6,19.62,59.5,8.37,8.8,4.65,6.94,52.99,45.59,23.24,52.91,19.16,80,8.57,35.78,54.53,78.83,70.55,24.31,20.96,19.28,69.21,20.13,3.01,60,0,65.27,66.99,58.8,61.7,64.65,54.33,11.58,4.12,9.32,6.49,0.11,11.52,14.96,15.21,15.87,19.32,3.73
Mansa,Punjab,61.83,955,71.3,59.09,47.06,34.49,29.54,65.92,37.24,51.55,61.16,50,52.82,55,19.16,55.74,65.32,29.27,21.38,38.81,33.83,2959,64.64,49.09,8.53,54.48,25.33,20.02,2.41,33.57,25.82,41.96,24.99,59.37,74.51,27.62,1,54.67,31.33,41.67,62.16,16.87,44.18,2,69.36,20.37,7.86,60,5.22,74.61,69.65,25.36,47.37,44.28,54.67,3.1,5.67,15.63,0,3.55,6.19,10.21,25.67,3.79,11,9.23
Burhanpur,Madhya Pradesh,64.36,972,45.6,55.42,65.07,48.54,21.42,78.57,71.12,46.97,70,50,66.77,55,33.58,43.24,41.6,32.78,9.11,60.6,35.39,2388,55.89,21.16,31.13,47.14,16.01,10.43,1,26.2,39.18,52.19,51.05,54.68,50.55,46.17,10.19,37.93,39.42,56.77,54.27,10.56,45.93,18.06,51.84,16.29,2.02,56.86,2.48,71.36,63.98,70.35,67.46,74.37,55,6.28,5.19,14.12,7.17,3.33,14.77,18.08,1.72,6.37,14.88,16.3
Ariyalur,Tamil Nadu,71.34,952,53.01,63.23,63.63,48.69,50.22,71.23,35.17,57.2,50.14,50,40.71,55,30.66,42.27,40.98,26.63,14.93,51.9,42.97,3862,55.84,27.44,16.63,61.91,24.98,7.11,17.76,52.29,47.68,66.53,63.44,52.69,60.11,45.09,10.62,29.59,59.08,60.9,72.8,26.71,31.8,23.66,53.1,18.52,3.91,60,4.98,67.47,58.76,32.14,44.05,45.7,39.53,0,4.42,1.57,5.05,4.99,12.99,2.07,11.09,12.91,18.27,11.8
Badgam,Jammu and Kashmir,56.08,952,55.66,55.65,51.63,47.72,44.71,60.07,16.75,46.97,52.86,50,31.06,55,14.78,47.39,30.11,41.18,28.12,59.51,41.49,3075,36.26,19.76,23.7,45.7,15.79,18.84,10.46,41.36,23.52,54.17,51.95,62.52,74.18,28.36,1.47,24.26,46.9,28.82,71.35,19.01,36.31,22.2,70,10.14,7.26,60,1.49,51.97,59.26,28.21,47.53,52.12,42.56,0,7.51,7.53,9.53,6.04,2.23,0,2.18,0,11.78,14.83
Anuppur,Madhya Pradesh,67.88,922,52.04,47.73,49.37,46.36,5,93.06,34.66,48.07,59.47,50,35.63,46.76,39,49.11,46.95,38.31,21.51,53.58,40.1,1542,46.18,24.71,36.41,58.83,29.06,17.83,13.25,5,57.67,38.18,46.38,68.63,55.44,37.62,8.76,31.79,22.02,35.7,73.51,31.3,48.54,35.65,70,18.96,10.26,43.14,0.06,67.43,60.5,69.49,60.18,69.4,55,0,1.38,3.47,3.41,6.31,17.69,16.77,14.89,6.72,20.15,7.94
Kanker,Chhattisgarh,70.29,923,57.26,72.49,73.72,45.35,36.84,72.03,57.38,54.13,53.83,50,53.62,55,30.14,69.11,40.65,36.44,26.17,34.88,25.83,2956,62.76,35.07,2.18,52.12,15.61,23.69,2.82,57.31,28.64,49.2,41.52,35.12,55.29,36.35,10.06,25.2,33.3,83.13,41.53,25.86,24.46,2,69.73,15.07,10.5,60,2.48,34.02,45.64,49.95,51.65,48.38,55,11.67,1.98,0,9.73,6.25,11.51,6.02,13.46,8.53,8.4,14.41
Bongaigaon,Assam,69.74,894,57.56,63.27,66.98,54.23,53.67,62.78,72.84,53.81,70,50,50.57,55,30.86,53.35,67.07,26.55,10.38,42.67,48.75,1925,70.89,58.25,11.3,60.54,2,4.56,1,43.74,40.09,54.27,44.76,52.95,95,5,11.76,54.56,67.97,53.82,70.09,25.18,34.88,17.73,70,10,1,42.83,1.85,81.08,49.44,45.1,46.23,41.67,55,2.9,10.33,9.44,9.17,6.89,15.93,10.69,6.45,18.98,11.93,15.72
The Nilgiris,Tamil Nadu,85.2,1020,49.7,73.8,64.85,68.4,43.32,75.98,47.22,74.03,55.65,50,58.12,52.37,48.7,52.96,62.54,33.68,5,57.95,57.1,3295,69.26,29.44,22.17,65.37,20.25,12.11,7.08,16.36,31.86,58.71,36.73,18.53,23.23,80,2.12,42.27,65.14,10,60.37,36.81,24.59,36.55,70,25.04,7.01,60,1.33,70.26,61.04,75.08,70.82,76.62,55,2.91,0,11.89,7.64,4.82,13.05,10.67,26.04,12.45,19.34,12.49
Kandhamal,Orissa,64.13,900,52.96,57.09,66.7,38.21,44.41,78.82,71.36,40.98,57.43,50,52.98,52.48,16.87,24.39,56.4,60.3,44.04,36.15,40.94,1762,50.06,21.82,23.75,55.8,2,3.54,5.96,28.71,36.51,47.04,30.64,54.76,38.85,56.07,1.56,17.89,38.03,49.57,51.82,8.14,15.74,18.99,70,6.4,1,60,1.39,62.61,64.76,61.7,63.83,58.88,55,7.63,7.36,9.36,12.01,8.87,9.32,11.63,10.84,14.84,16.32,7.97
Alirajpur,Madhya Pradesh,36.1,922,25.18,32.23,33.49,24.66,21.93,57.04,17.84,25.27,67.78,50,37.59,55,10,14.69,25.48,15.52,17.12,21.5,34.56,1253,36.26,33.09,33.24,41.4,3.47,1,2.83,11.6,10,15,10,61.01,42.34,67.04,14.01,25.02,16.36,54.41,75.93,46.23,24.47,12.46,70,23.19,14.2,60,2.73,58.69,45.24,42.81,46.58,47.31,55,3.03,5.69,11.18,0,0.16,13.12,7.63,0,4.13,4.48,9.81
Latehar,Jharkhand,59.51,921,44.7,41.44,45.86,31.07,35.83,81.98,36.13,60.88,45.49,50,26.4,55,40.78,18.47,32.28,42.08,45.28,27.99,36.07,1484,45.1,19.88,30.41,52.67,9.17,11.09,5.31,31.92,29.2,33.9,22.85,69.4,94.2,5,4.71,47.26,29.28,58.95,67.66,2,14.25,18.83,69.23,23.7,9.67,60,2.02,74.82,38.85,47.85,42.99,42.85,46.35,10.82,4,7.33,8.78,0,10.5,5.24,17.08,14.43,9.64,11.09
Kodarma,Jharkhand,66.84,986,69.57,70.62,50.85,21.81,31.03,65.43,39.23,61.13,49.64,50,40.82,52.84,13.59,37.52,35.35,40.37,6.56,46.85,53.44,1530,59.01,35.6,21.16,59.39,7.92,17.98,2.1,37.7,17.72,46.93,18.73,61.08,50.4,43.73,5.89,45.8,50.17,19.02,95,42.41,35.96,32.35,70,14.78,11.38,60,1.14,92.56,29.87,67.18,49.24,53.14,55,13.45,6.69,3.86,6.82,7.22,12.45,4.84,17.17,4.27,10.04,13.84
Dindori,Madhya Pradesh,63.9,938,40.36,57.8,38.82,46.73,15.09,98.53,42.71,60.11,62.81,50,52.93,52.65,23.42,49.45,37.46,10,12.01,47.1,55.23,1444,54.65,38.33,23.64,60.85,12.55,1,7.56,28.98,44.74,15,19.9,68.96,66.32,38.08,10.53,22.72,63.52,54.47,72.27,27.41,19.19,23.96,57.9,27.24,12.78,60,6.61,70.63,36.08,34.58,38.62,37.89,46.14,0,6.16,7.16,6.7,4.01,14.01,13.02,10.12,7.89,9.06,11.24
Arwal,Bihar,67.43,1000,63.7,63.79,63.54,53.29,18.64,84.29,46.68,52.51,70,50,42.52,55,15.49,40.41,52.3,60.22,20.38,37.16,47.45,1685,54.04,33.61,23.97,46.09,7.58,3.49,3.86,26.89,41.36,59.77,47.93,59.3,53.47,51.16,3.32,20.01,64.48,40.01,60.54,18.71,10.44,18.3,70,14.61,5.51,60,3.92,93.53,46.91,73.1,60.29,65.27,55,8.08,0,15.84,3.07,10.15,11.73,13.86,17.73,11.59,16.08,9.8
North Tripura,Tripura,87.5,923,67.84,85.41,53.56,63.87,58.14,73.2,58.82,71.94,58.72,50,53.27,55,42.29,64.76,67.07,56.96,48.23,80.65,43.52,2971,74.25,42.37,2.36,88.13,3.94,2.03,1.56,5.97,61.17,46.65,18.78,44.49,72.86,29.92,6.94,58.88,38.62,58.98,63.38,7.34,40.4,32.78,56.38,14.11,7.37,55.89,3.32,76.77,48.3,42.91,49.6,47.81,41.12,0,1.08,10.87,1.32,8.13,13.33,8.75,7.3,16.64,17.31,12.77
Sheopur,Madhya Pradesh,57.43,961,45.27,44.54,40.05,20.71,29.75,69.06,36.1,51.83,67.83,50,50.39,55,36.72,38.51,48.36,24.5,18.6,40.84,32.89,3816,62.92,42.11,18.12,40.37,33.42,26.1,8.72,41.07,27.41,54.83,39.6,35.68,61.77,41.61,11.57,10,37.89,64.11,47.42,17.81,39.49,31.5,64.63,9.4,1,45.43,2.87,52.92,50.76,36.06,44.47,41.73,55,0.56,2.56,1.4,10.57,6.77,9.14,7.02,10.5,11.96,17.97,7.2
Pauri Garhwal,Uttarakhand,82.02,917,74.42,77.13,47.56,53.91,42.13,76.74,47.78,77.2,47.56,46.43,44.52,55,46.46,44.37,43.43,45.67,19.79,49.25,64.08,1003,74.55,33.86,22.98,76.75,11.22,17.82,3.47,5,58.72,67.3,66.22,52.74,66.56,29.43,2.32,43.9,43.34,62.2,83.46,23.04,25.38,11.84,47.39,18.93,1.41,60,4.33,72.32,36.92,67.39,49.96,52.54,55,7.91,0,9.65,10.15,3.54,8.14,12.84,15.36,15.73,10.94,13.9
Dhemaji,Assam,72.7,1036,62.93,63.56,61.39,28.71,32.26,85.35,44.1,41.18,59.07,50,47.87,55,68.69,44.67,52.25,27.56,22.78,34.59,25.65,3337,70.54,34.83,25.5,67.77,2,3.21,1,35.56,40.46,48.46,35.34,42.67,85.17,19,6,28.71,49.08,80.27,69.72,27.34,39.84,28.14,70,11.33,5.31,60,4.06,70.85,27.81,61.75,43.72,46.33,51.63,2.23,3.97,15.37,14.19,7.03,14.87,2.59,18.55,15.62,13.75,10.2
Rupnagar,Punjab,82.19,902,72.35,79.9,66.92,71.23,39.74,77.69,26.48,54.34,45.5,50,60.82,55,58.25,54.98,48.16,68.01,36.38,58.13,44.61,1770,62.51,38.67,8.91,62.64,14.39,20.06,4.88,5,46.56,72.21,46.17,55.61,69.92,31.28,3.49,55.28,38.67,90,69.98,42.35,18.71,11.41,52.05,12.67,5.11,60,0.93,52.91,56.9,21.57,41.9,45.18,48.36,7.04,5.91,12.81,14.85,3.81,18.25,19.75,11.65,14.74,20.12,13.34
Jaisalmer,Rajasthan,57.22,962,57.6,36.61,48.93,29.19,45.04,75.39,42.73,54.11,70,50,34.32,55,20.3,36,46.21,22.72,16.04,37.45,30.22,2513,57.4,15.01,4.77,56.71,6.75,5.24,2.72,35.91,56.84,55.39,27.26,48.16,48.77,49.4,4.9,16.38,35.29,34.6,49.04,25.88,24.79,41.04,70,18.48,13.19,60,0,58.88,56.9,48.29,48.88,57.24,39.28,6.12,7.5,15.43,0.81,5.18,8.41,12.26,10.11,11.17,13.17,5.41
Hailakandi,Assam,74.33,975,57.43,66.2,52.89,64.59,34.57,78.7,42.13,55.97,53.51,50,59.86,47.79,26.52,46.41,58.11,35.89,23.18,59.86,34.22,711,68.29,48.89,17.19,67.16,9.15,8.2,1,34.89,35.07,52.17,25.08,66.38,67.62,32.85,12.74,26.66,39.78,48.12,76.69,28.84,35.7,41.77,55.04,18.81,3.39,60,0,58.59,64.32,32.32,50.7,58.36,43.51,0,4.23,1.56,6.38,4.02,12.58,9.2,12.75,8.31,9.37,7.74
Korea,Chhattisgarh,70.64,967,51.86,59.36,49.19,58.91,17.27,70.75,41.7,49.67,56.75,50,43.76,55,71.33,33.16,39.19,31.57,32.9,48.01,52.86,2672,48.05,28.85,43.61,75.16,25.1,17.96,7.86,42.26,53.58,48.79,40.88,58.98,95,10.3,13.62,42.07,52.02,68.38,50.97,29.2,44.47,23.55,70,29.05,12.74,60,6.58,66.5,67.23,62.77,63.9,68.9,55,8.63,1.75,9.63,8,5.78,3.95,14.15,0.72,4.62,19.89,12.93
Sheohar,Bihar,53.78,943,34.48,51.43,54.6,28.64,38.42,73.88,45.64,30.68,45.57,50,51.73,55,42.33,27.07,49.64,32.85,34.23,25.71,36.79,395,50.03,28.74,10.17,47.26,13.52,14.89,1,50.52,35.34,57.75,39.84,66.95,72.17,29.79,9.03,37.13,34.05,52.72,56.69,21.07,24.65,39.78,70,26.45,12.67,60,2.11,60.8,60.89,77.51,65.33,71.83,55,7.2,4.67,7.26,10.85,4.25,20.02,13.15,11.32,4.09,11.24,9.62
Umaria,Madhya Pradesh,65.89,945,46.16,62.59,52.32,34.8,31.46,52.97,46.51,46.57,58.51,50,44.87,52.5,43.31,66.64,71.22,54.39,27.86,62.83,31,2483,51.9,15.5,34.09,55.14,6.47,2.09,4.26,53.86,29.38,54.02,37.71,66.85,64.73,24.48,10.13,48.99,40.94,10,66.88,22.69,21.66,17.93,56.28,23.41,10.39,59.45,4.18,69.03,56.72,58.6,58.28,62.24,49.81,6.16,3.76,11.97,12.71,8,16.73,11.18,1.12,3.43,22.76,8.16
West Garo Hills,Meghalaya,67.58,952,85.18,55.87,62.09,50.81,36.02,89.68,36.35,41.22,67.82,50,54.02,55,38.07,55.29,57.28,60.26,44.62,51.66,47.81,2432,45.08,14.5,39.02,53.32,22.46,18.69,10.41,6.02,21.38,64.71,45.09,54.41,37.33,67.13,10.02,39.06,50.52,51.53,56.29,23.72,43.76,25.32,62.78,17.83,10.43,48.6,3.4,71.46,68.14,37.85,50.89,58.15,55,3.41,6.36,4.75,2.88,6.36,8.08,0.55,7.95,13.29,12.86,15.64
Rajouri,Jammu and Kashmir,68.17,944,68.57,56.37,50.46,39.28,60.02,81.59,70.45,69.67,48.42,50,55.18,55,40.78,23.22,47.68,34.3,23.42,45.18,39,2372,58.98,29.25,20.55,44,29.5,13.02,8.62,33.95,25.1,23.83,16.75,55.63,75.04,29.03,5.31,37.83,62.1,77.21,53.12,32.52,38.58,19.98,70,15.77,4.41,60,4.83,84.02,76.36,64.24,68.59,73.48,55,7.56,3.86,4.67,4.84,3.47,9.24,12.05,4.47,16.97,19.42,6.94
South Goa,Goa,87.59,989,57.18,78.06,73.74,62.34,47.25,68.72,21.61,69.27,39.94,50,55.04,52.77,30.39,24.15,58.77,53.33,20.7,62.96,41.87,1539,78.76,49.78,11.84,71.91,23.37,13.77,10.38,71.2,61.74,64.36,38.45,68.03,77.7,20.4,8.95,54.38,75.57,29.89,64.25,14.04,32.08,26.7,48.39,18.79,10.01,50.55,2.87,73.24,44.85,49.19,45.14,45.19,53.88,0.82,6.67,8.98,12.48,3.66,17.05,17.28,16.17,11.03,15.73,14.89
Sheikhpura,Bihar,63.86,1038,39.67,51.2,69.54,39.87,37.65,99,30.58,48.82,69.61,50,24.17,55,37.01,39.23,44.42,37.91,17.18,49.44,29.76,2695,55.49,13.91,26.15,52.07,2,1,3.06,37.14,55.94,31.19,25.92,95,67.63,32.95,2.82,15.37,48.3,58.97,80.15,18.92,46.54,27.79,65.18,14.55,7.5,50.19,0.34,54.47,66.55,48.82,58.03,57.92,55,1.97,3.22,4.39,0.31,1.19,11.88,7.22,8.61,16.54,11.59,11.41
Almora,Uttarakhand,80.47,928,70.17,78.32,73.17,38.52,25.6,79.04,95,68.1,36.95,48.7,59.94,55,45.11,59,49.7,33.46,38.77,42.04,53.51,2552,67.53,43.45,22.34,70.5,6.85,4.89,1.48,20.04,45.36,58.95,32.83,38.22,64.05,36.51,4.17,28.24,50.33,20.67,78.43,29.28,57.26,26.97,69.26,13.39,8.85,57.51,0.93,95,45.64,42.24,42.77,49.51,45.71,7.28,7.87,10.3,2.69,0,14.16,14.79,20.43,16.74,18.56,12.28
Tehri Garhwal,Uttarakhand,76.36,895,67.74,66.14,60.51,31.15,37.52,65.57,24.24,67.6,64.76,50,54.17,55,31.15,39.58,57.16,72.25,46.21,55.03,57.08,2011,62.26,31.36,9.69,53.52,18.47,10.43,12.6,33.57,43.72,65.56,43.12,58.84,95,5,7.65,21.63,62.52,70.66,75.61,12.08,35.12,25.92,64.56,18.37,5.81,59.13,2.3,54.57,58.29,51.67,56.15,58.23,55,10.12,4.53,0,8.75,7.8,6.07,14.25,1.92,10.98,6.76,16.52
Faridkot,Punjab,69.55,946,62.65,42.25,62.78,50.95,45.87,88.28,17.92,61.68,52.95,50,54.24,55,31.79,53.99,38.82,56.13,41.68,44.18,35.89,2805,78.85,41.58,12.09,57.21,15.56,15.77,2.55,28.09,47.57,74.12,63.68,34.09,77.4,20.59,3.76,10,57.97,59.35,72.29,26.36,21.74,28.53,55.47,11.97,1.23,60,0,59.19,71.04,48.86,62.99,73.81,50.12,4.09,2.21,14.88,15.22,3.93,13.88,11.47,11.54,10.77,3.81,16.94
Kathua,Jammu and Kashmir,73.09,1053,57.27,63.16,60.1,45.55,15.52,82.78,59.69,65.72,52.26,50,48.9,55,58.38,44.57,33.61,43.81,24.59,56.24,50.39,2114,52.67,31,25.44,66.74,14.73,5.18,11.04,13.82,41.08,43.94,35.96,57.58,84.32,13.87,2.91,45.8,56.71,44.77,57.87,18.45,36.96,42.06,65.24,12.46,3.1,60,1.29,73.96,50.89,12,33.07,30.31,47.47,7.83,3,0,0.29,1.35,10.26,10.85,13.51,18.73,11.23,6.36
Malkangiri,Orissa,48.54,918,40.15,36.42,46.63,28.45,27.14,82.73,5,31.21,59.64,50,29.67,55,25.19,27.17,38.75,48.25,24.63,26.58,48.11,2676,48.24,28.69,31.2,46.66,8.17,1,1.96,50.64,39.89,35.39,32.03,44.52,63.2,36.01,5.15,42.54,21.05,47.48,81.81,31.06,18.52,2.87,70,26.64,7.47,59.99,0.6,95,40.72,50.41,50.98,58.53,55,6.82,6.18,13.52,7.24,6.33,12.49,12.8,15.94,0,3.21,0
Shahid Bhagat Singh Nagar,Punjab,79.78,1016,68.11,60.38,63.6,62.8,44.38,72.89,40.29,60.43,55.91,50,75.93,55,68.73,56.94,57.07,59.44,35.88,49.8,32.76,2087,67.94,31.67,16.13,52.93,3.94,1,1,45.52,47.38,57.73,60.5,55.6,59.63,37.74,12.59,45.18,62.98,28.02,38.96,41.49,47.39,50.05,60.53,7.96,1.49,60,2.34,71.02,48.11,47.8,54.11,55.11,46.98,7.66,0.19,6.1,9.22,2.84,9.01,12.08,25.92,19.92,4.68,10.01
Nuapada,Orissa,57.35,1017,48.87,42.95,50.63,51.88,30.03,83.41,87.92,49.9,70,50,25.42,55,10.65,28.03,36.57,34.66,18.67,56.77,38.68,2395,41.91,28.05,19.17,54.4,38.08,29.72,11.92,10.98,33.17,34.85,25.66,61.11,73.38,29.93,14.23,33.65,44.39,73.14,71.51,18.46,20.18,22.79,70,10.68,3.27,60,2.01,55.38,40.7,55.55,47.25,51.24,55,3.23,3.61,1.75,12.88,4.79,9.95,19.45,1.2,14.8,15.18,4.67
Subarnapur,Orissa,74.42,928,38.62,67.74,65.49,49.37,55.21,74.86,14.1,54.04,63.16,50,59.43,55,34.67,41.21,40.55,46.12,15.73,64.4,54.62,2717,62.87,16.02,28.02,61.28,18.27,7.03,2,33.32,32.54,67.67,50.92,48.21,59.61,36.34,7.87,37.28,39.55,40.61,77.62,34.09,27.3,26.07,64.71,29.19,8.94,60,3.24,40.41,38.89,17.89,24.93,20.97,55,5.4,7.21,9.85,8.79,1.12,11.52,14.83,8.45,10.45,10.93,9.41
Fatehgarh Sahib,Punjab,79.35,973,62.21,80.72,56.64,52.14,47.63,84.67,5.36,62.41,43.75,42.64,49.8,55,25.08,55.65,59.47,62.82,29.67,22.59,46.47,1842,56.3,27.36,17.93,65.97,24.42,17.86,11.69,24.8,32.3,57.8,41.24,22.32,61.09,43.46,10.33,38.99,43.99,64.01,63.65,27.41,18.27,42.95,59.58,15.86,6.37,54.18,4.71,39.41,73.1,58.19,64.78,60.67,44.91,5.85,5.55,13.43,0,6.95,8.07,13.54,24.98,13.82,14.15,19.18
Simdega,Jharkhand,67.99,1015,47.48,63.38,49.03,52.59,57.97,55.14,15.02,55.98,70,50,44.24,55,22.88,40.42,39.29,27.64,22.25,59.16,55.65,1090,53.03,30.4,16.41,38.88,18.06,10.27,1,6.17,10,53.86,36.85,86.51,70.34,32.74,5.75,53.9,51.42,37.69,54.17,20.39,32.55,34.28,64.87,30.01,8.47,60,2.51,65.16,62.99,50.46,57.08,65.85,54.31,11.99,0.55,14.79,1.86,5.26,22.34,15.29,7.47,20.37,14.29,20.98
Barnala,Punjab,67.82,935,57.62,56.79,45.2,33.9,20.79,72.79,62.97,58.93,56.14,50,44.3,55,27.36,63.6,47.69,58.99,32.35,46.74,67.08,2448,57.27,28.74,10.94,69.6,18.46,16.12,12.02,9.53,52.11,59.74,36.72,74.79,52.77,54.03,1,52.07,20.4,90,64.44,25.08,33.04,33.42,70,9.66,3.64,48.85,0,73.17,44.21,57.92,57.74,58.87,51.38,1.58,4.93,14.63,12.49,6.5,5.73,13.54,15.65,5.66,16.09,6.38
Narmada,Gujarat,72.31,942,89.09,68.27,46,52.85,40.42,98.67,67.5,42.24,70,50,42.58,55,43.55,51.71,69.65,38.45,23.28,43.54,47.51,3270,49.05,12.36,10.73,62.88,17.38,10.14,2.34,12.21,38.01,53.91,41.11,55.39,65.97,42.7,4.43,28.35,46.28,83.07,53.64,40.58,40.4,41.95,58.08,19.59,6.35,55.11,0,43.7,40.23,23.93,30.96,36.45,52.06,0.38,0,4.71,8.76,3.72,13.5,0,7.36,12.11,15.88,11.74
Porbandar,Gujarat,75.78,927,65.51,64.99,52.08,58.56,41.74,68.8,34.75,65.13,62.6,49.62,58.76,51.08,44.88,53.01,60.77,61.19,38.59,42.97,42.66,2469,68.46,43.72,52.03,52.16,6.8,18.24,5.73,33.95,36.87,46.87,37.99,40.11,63.44,45.26,6.77,50.13,42.55,90,72.71,22.94,31.67,25.02,44.77,25.17,9.7,49.24,3.32,68.33,41.27,30.24,36.59,35.79,53.79,18,4.56,10.02,2.5,5.74,12.51,9.42,4.64,16.88,16.17,12.17
Central Delhi,Delhi,85.14,909,65.72,71.76,71.94,66.4,30.05,70.75,58.66,65.5,19.48,50,73.5,52.65,38.68,50.49,46.65,47.51,31.01,50.11,62.81,2486,64.66,25.58,17.65,75.37,2.86,11.35,1.1,26.76,23.41,61.07,49.09,59.7,79.41,14.66,8.56,55.51,45.74,90,79.19,40.71,30.65,38.03,55.63,11.75,5.88,58.09,1.67,45.3,44.2,20,30.06,35.51,55,7.24,8.14,0.11,8.97,0.63,14.8,6.9,8.11,16.37,19.38,14.15
Solan,Himachal Pradesh,83.68,924,76.98,67.23,60.46,39.21,59.55,72.62,72.81,71.79,39.75,45.03,63.28,55,19.29,60.71,46.64,50.89,39.71,51.78,60.31,2162,59.51,32.19,36.38,73.88,21.86,12.63,8.73,17.73,38.34,50.75,38.58,65.22,51,50.72,7.6,47.95,48.08,43.58,71.7,23.56,21.97,11.87,61.19,32.39,11.7,47.83,2.69,51.13,72.29,52.34,61.27,62.62,55,8.19,4.22,9.4,8.23,11.82,0,11.64,24.87,15.32,14.24,7.07
Jharsuguda,Orissa,78.86,901,68.97,58.71,71.4,47.59,77.19,63.42,80.75,68.25,62.13,50,56.24,49.39,61.11,43.44,57.78,44.02,17.62,43.93,17.09,2865,58.39,33.34,40.21,76.81,19.88,10.66,4.6,27.95,34.11,59.67,52.16,73.4,26,70.41,6.87,42.77,35.69,39.09,70.81,8.05,25.99,32.01,57.24,15.88,4.02,55.33,3.66,74.48,53.35,44.48,45.27,42.69,53.65,8.57,0.6,10.69,0,6.24,2.57,7.22,6,23.28,12.21,16.77
Gajapati,Orissa,53.49,951,49.32,45.41,50.12,28.66,26.84,51.5,40.07,53.33,69.42,50,27.58,55,25.99,35.48,26.02,25.36,19.78,23.9,32.06,2033,62.87,34.74,17.8,42.99,27.38,33.46,10.99,48.46,19.88,56.38,42.52,75.24,56.41,59.99,5.7,31.71,49.6,90,76.4,23.24,10.5,33.74,69.05,23.07,7.26,60,5.89,53.79,86.97,47.7,62.95,68.68,55,9.09,3.43,7.12,0,10.12,8.26,12.96,11.21,4.09,0,11.63
Harda,Madhya Pradesh,72.5,919,65.44,66.36,42.44,51.75,46.08,75.23,5,67.45,46.26,50,55.92,55,26.48,32.5,32.11,38.01,28.85,40.35,38.76,1791,45.8,34.54,24.42,61.72,25.35,11.08,9.41,41.42,43.87,40.78,27.31,79.01,69.15,33.92,9.38,17.67,26.35,52.46,78.14,7.12,49.51,40.75,60.84,13.58,8.5,58.44,0,84.65,54.4,27.72,45.14,51.18,55,9.6,4.58,0,8.24,4.2,15.6,7.89,11.47,7.73,17.69,8.95
Perambalur,Tamil Nadu,74.32,959,81.31,66.21,69.86,56.83,40.86,79.63,28.58,68.94,49.07,50,73.59,46.7,44.18,57.07,58.63,58.71,43.11,55.26,49.35,3195,66.66,36.24,21.23,58.03,9.91,6.17,1,53.03,42.34,37.49,20.7,23.18,79.35,27.73,2.54,17.37,50.14,70,53.33,21.19,28.68,35.49,62.64,30.93,16.2,50.35,0.98,56.23,46.37,30.64,41.7,46.35,54.03,9.11,7.28,6.03,15.14,1.85,9.68,18.49,18.5,0.81,11.44,16.07
Panchkula,Haryana,81.88,888,55.1,70.78,76.33,72.28,33.42,77.37,36.46,76.15,31.81,50,53.51,46.86,47.49,52.62,61.43,18.17,5,57.82,46.8,1723,63.58,38.39,2,74.38,29.33,19.18,6.42,30.89,28.7,60.62,33.07,51.91,49.53,52.65,11.21,48.79,43.37,43.83,41.93,20.73,52.97,29.45,48.67,21.43,7.03,60,2.83,81.64,68.92,12,39.35,40.74,51.65,10.51,7.25,18.54,8.06,3.53,9.48,18.25,19.77,9.35,26.29,6.51
Pulwama,Jammu and Kashmir,63.48,963,57.35,50.51,46.32,39.49,5.78,76.26,39.82,51.29,61.03,50,40.68,55,31.04,61.88,50.77,21.87,15.16,49.99,37.07,3001,51.16,27.69,2,47.69,25.65,16.66,6.81,63.85,19.34,40.7,42.21,77.86,71.76,15.06,5.65,18.46,63.4,44.12,69.17,46.8,28.31,23.19,70,35.78,13.85,60,0.72,95,29.95,28.47,32.4,27.02,49.53,6.67,0.73,10.96,0,4.87,11.08,2.77,13.65,8.1,16.39,2.75
Udhampur,Jammu and Kashmir,68.49,983,47.1,65.9,63.72,42.97,25.51,78.52,41.24,53.47,70,50,42.33,55,39.45,69.8,52.15,30.54,32.05,47.28,30.74,3195,63.05,39.58,20.59,51.07,24.91,7.5,5.7,41.27,22.07,53.05,34.2,39.53,82.43,13.65,16.27,17.09,46.05,69.94,78.87,44.31,3.37,23.06,44.46,28.43,6.26,60,0.02,53.81,57.83,39.6,44.79,42.75,43.09,10.29,3.03,6.58,0.55,4.65,6.79,11.61,0,13.93,18.45,11.33
Kodagu,Karnataka,82.61,870,72.51,65.13,60.13,69.32,23.69,90.27,67.38,72.2,58.48,50,52.93,55,31.58,58.73,58.04,33.36,19.22,44.76,58.38,2710,74.66,52.21,14.9,69.68,40.49,28.8,19.18,26.2,67.16,64.28,40.8,82.39,75.52,21.05,6.74,14.79,30.94,19.54,41.29,26.02,23.69,23.16,63.02,25.7,9.73,48.89,5.62,95,36.82,40.43,38.1,37.2,50.94,13.57,5.18,8.2,9.5,10.58,13.35,7.69,7.66,19.67,20.05,14.12
Dantewada,Chhattisgarh,42.12,965,27.4,43.34,43.35,32.45,45.83,75.71,70.49,36.66,70,50,15,55,32.28,26.09,25.76,44.18,30.38,34.43,45.13,1076,30.36,17.8,42.7,26,38.44,20.13,13.48,36.67,41.08,15,10,94.21,47.77,50.28,6.08,16.98,39.42,69.1,66.03,39.54,29.96,11.43,70,11.36,1,60,0.9,65.2,22.27,48.92,36.12,36.89,55,6.78,2.19,10.92,9.94,2.43,11.96,11.26,5.81,2.76,11.08,5.66
Khunti,Jharkhand,63.86,999,48.72,50.46,43.86,57.38,31.59,71.11,41.57,46.81,70,50,48.75,55,23.16,26.96,51.67,52.02,37.46,34.66,28.14,2224,43.42,30.14,17.16,67.1,24.9,23.36,5.6,12.53,24.9,58.4,41.57,81.83,49.7,52.1,5.75,36.31,32.81,64.44,81.93,20.23,30.91,47.92,70,19.67,6.4,60,0.38,55.51,53.24,62.19,61.51,69.11,53.41,7.92,5.5,1.25,6.22,3.19,13.51,12.93,19.95,10.78,15.15,14.01
Sirmaur,Himachal Pradesh,78.8,902,61.15,65.65,48.29,58.05,37.09,74.63,66.97,65.22,62.99,50,46.7,55,36.07,58.14,71.52,51.5,22.7,61.63,30.52,2018,71.96,51.22,43.41,82.4,23.65,8.09,6.31,29.49,19.62,44.3,46.33,71.23,69.83,32.68,6.12,43.56,60.31,45.46,63.25,7.87,39.48,38.98,45.17,16.47,9.82,60,0.7,60.56,67.52,38.98,53.84,56.06,55,3.68,0,1.51,5.06,7.14,18.58,3.61,7.47,21.16,18.61,9.19
Una,Himachal Pradesh,86.53,1017,79.66,67.61,67.42,49,60.26,84.95,52.15,68.27,67.82,44.5,44.47,46.02,55.38,54.44,56.23,40.61,39.04,48.91,52.16,1754,77.97,53.74,14.28,69.92,28.82,19.03,8.07,42.74,49.13,62.32,44.11,49.05,91.26,5,10.43,51.55,60.12,55.44,87.82,31.33,32.43,30.05,59.08,19.21,3.18,60,5.17,58.95,58.21,57.82,59.65,54.21,49.15,5.34,4.78,5.32,10.18,0.24,9.85,5.13,23.1,14.64,18.18,17.8
Chamba,Himachal Pradesh,72.17,967,68.31,61.44,60.67,37.19,21.48,94.94,46.29,49.51,60.47,50,58.05,55,54.14,49.76,41.7,57.11,38.26,43.64,42.96,2328,59.06,29.4,42.95,50.25,12.16,1,3.1,46.01,40.26,46.78,56.15,63.63,62.25,36.57,7.83,30.61,62.2,58.26,85.01,29.34,25.28,36.78,59.57,20.18,5.37,58.37,1.61,86.03,56.41,62.45,58.02,50.56,55,7.41,7.08,6.44,11.42,4.88,11.55,5.75,15.45,15.58,11.35,13.98
Imphal West,Manipur,86.08,922,57.1,84.3,66.98,44.74,35.15,70.46,63.13,78.49,46.48,50,49.44,55,66.37,72.41,49.6,28.98,21.54,56.64,65.7,2892,76.7,50.48,26.08,75.86,12.3,1,1,27.62,51.15,55.72,42.3,31.08,59.02,38.55,11.95,42.44,55.61,59.27,62.26,13.75,17.19,36.04,69.78,11.79,2.02,49.75,0.23,84.77,16.02,68.4,43,42.37,52.24,4.44,4.16,17.97,9.78,5.43,6.07,7.24,19.81,21.1,11.32,20.36
Pithoragarh,Uttarakhand,82.25,948,67.24,77.63,56.62,64.2,45.37,79.19,46.45,65.35,60.98,50,54.19,44.23,57.91,39.46,49.8,71.83,29.8,64.32,34.6,1787,66.35,38.48,26.76,66.06,24.73,11.88,5.4,80,54.13,80.56,76.88,42.38,37.35,69.56,9.86,49.69,60.2,67.42,59.48,14.28,24.31,15.08,61.77,17.75,2.09,57.26,1.32,84.59,52.68,57.84,59.05,59.95,55,6.37,4.53,9.35,3.18,6.3,4.74,7.39,26.53,10.16,18.56,5.25
Chirang,Assam,63.55,972,45.57,64.04,52.31,56.37,48.56,82.06,86.16,65.41,70,50,59.15,55,31.06,27.04,48.33,28.56,23.49,46.24,31.67,2046,47.4,35.01,13.86,63.41,9.44,2.64,6.37,31.9,40.37,53.78,47.49,43.78,55.44,47.52,8.13,37.26,44.03,40.33,59.76,36.27,38.46,34.64,58.81,18.23,9.88,60,2.9,45.51,52.82,51.17,47.15,50.93,53.36,7.37,6.53,6.42,10.6,6.05,10.96,13.98,7.34,5.77,19.17,7.59
Senapati,Manipur,63.6,953,40.11,60.89,59.03,63.01,40.69,66.09,16.23,36.06,57.04,50,30.43,55,16.49,35.32,24.94,33.66,24.25,44.72,12.39,1983,54.09,34.3,26.92,47.76,23.93,22.88,9.12,5,21.58,60.84,48.52,59.24,49.13,49.95,9.49,24.69,37.72,90,67.02,4.8,42.02,42.24,54.68,10.92,5.2,60,4.78,67.84,64.32,32.72,51.93,48.72,55,12.08,2.67,9.28,5.59,10.96,11.51,11.11,3.28,19.55,12.09,5.92
Punch,Jammu and Kashmir,66.74,972,52.88,52.34,57.93,55.15,38.77,78.25,34.7,47.27,52.74,50,31.39,55,53.57,49.9,52.77,33.22,32.93,65.57,56.54,3247,60.88,35.69,40.31,61.09,19.57,12.52,6.24,56.84,40.24,53.52,52.76,50.16,62.49,38.63,12.79,36.63,55.69,51.3,47.4,31.7,20.57,18.87,61.71,25.4,15.59,60,4.62,41.75,39.13,54.36,46.12,42.9,55,2.54,5.87,0,4.59,2.35,14.45,5.64,14.12,14.91,14.11,13.12
Lohardaga,Jharkhand,67.61,913,52.62,58.53,60.77,58.96,36.74,60.41,42.47,52.73,60.82,50,50.02,51.12,53.63,47.22,55.39,25.93,13.07,28.96,43.57,1969,59.94,36.44,18.26,58.38,9.44,12.6,3.31,45.93,47.43,59.63,53.7,63.23,34.77,56.79,10.63,10,33.12,52.65,44.62,21.23,44.1,8.6,70,20.78,5.33,60,1.44,80.17,67.44,43.98,51.49,55.88,54.22,7.68,3.91,4.48,4.44,3.07,13.88,8.4,18.72,5.53,6.93,16.43
Imphal East,Manipur,81.95,957,90.73,68.29,61.57,51.56,50.17,56.77,53.79,73.76,59.14,47.02,68.86,55,37.01,38.42,40.29,69.08,33.55,46.98,43.61,1089,73.73,42.59,15.93,64.25,18.26,9.97,6.21,39.17,36.38,65.08,53.89,75.56,56.09,47.22,9.12,39.42,51.51,90,30.93,31.71,37.97,13.06,68.24,25.51,4.89,60,1.94,57.75,47.36,72.02,58.89,67.17,53.8,3.58,1.28,5.26,7.08,6.83,12.27,0,9.01,9.47,14.12,10.8
Hamirpur,Himachal Pradesh,88.15,893,75.44,88.65,84.01,50.14,50.91,82.4,70.36,73.12,55.09,50,45.96,55,59.54,61.97,52.51,58.54,29.67,50.89,37.02,784,68.84,40.22,17.04,76.85,31.05,23.21,10.03,26.63,52.08,66.54,68.45,43.81,43.84,54.18,9.69,34.6,48.98,22.08,64.68,36.86,17.58,25.84,57.38,22.9,11.98,60,7.21,72.55,50.51,51.46,54.86,49.75,43.43,9.06,6.71,3.9,9.28,5.68,19.42,20.1,13.22,14.87,11.49,15.62
Baudh,Orissa,71.61,946,44.93,56.07,49.78,58.63,22.52,73.39,44.51,58.35,42.79,50,54.2,55,35.4,28.55,52.34,55.39,29.19,32.42,28.2,2526,73.52,39.17,39.44,67.9,18.82,8.61,8.66,42.08,32.75,67.67,46.77,60.97,78.92,17.04,3.39,53.3,55.65,89.82,95,14.51,33.45,12.36,64.84,5.29,1.03,60,4.99,57.47,62.92,47.44,53.73,53.34,52.59,9.38,8.2,15.17,0,6.05,9.44,10.09,20.3,19.86,8.53,16.52
Kullu,Himachal Pradesh,79.4,914,58.9,77.72,71.49,59.76,43.33,80.43,16.56,53.47,70,50,61.39,55,61.69,37.59,55.18,30.02,9.06,48.38,52.61,1515,64.75,33.6,30.26,68.18,18.87,8.3,8.38,64.14,67.62,60.55,37.45,49.68,46.53,60.04,18.29,26.62,41.26,56.68,35.14,11.32,35.18,24.94,57.64,12.33,3.53,60,2.5,38.66,37.16,72.65,55.8,63.03,51.77,12.71,7.48,12.3,4.08,0.78,10.05,14.96,19.71,19.2,16.37,13.21
Kulgam,Jammu and Kashmir,59.23,921,59.64,59.56,65.32,42.54,14.43,77.79,61.85,36.09,58.05,50,20.87,55,26.4,34.15,48.7,36.79,32.4,48.34,22.25,2802,49.39,41.27,37.37,51.12,21.29,4.73,1.16,38.63,16.65,75,50.84,61.8,51.7,49.67,10.11,31.28,37.57,45.46,62.24,42.6,15.1,19.14,70,32.23,17.33,58.63,0,78.28,67.36,42.28,49.98,56.21,55,4.3,6.71,2.95,5.16,11.54,12.42,13.97,9.51,16,11.56,11.69
Thoubal,Manipur,74.47,999,81.74,79.83,68.21,56,40.9,66.28,60.1,60.88,52.67,50,60.11,55,64.7,38.04,51.99,48.49,39.72,46.21,45.93,1002,52.75,32.83,23.76,56.32,22.59,16.36,7.38,8.54,54.83,67.48,64.63,71.72,67.08,29.59,10.51,31.13,48.95,34.85,61.79,24.31,10.98,26.99,70,25.28,10.62,60,2.08,79.44,34.68,49.95,36.84,34.98,55,6.58,5.53,2.67,11.15,6.35,5.08,9.82,14.63,11.22,18.83,3.24
Doda,Jammu and Kashmir,64.68,994,37.65,55.34,55.02,48.51,26.6,77.46,6.16,39.07,52.17,50,54.04,55,45.01,49.49,59.69,40.59,22.79,41.95,63.32,1715,53.43,24.8,20.47,64.13,14.69,10.86,1,5,15.52,36.9,39.28,76.42,53.83,43.15,7.89,25.47,58.98,32.16,62.72,28.93,36.63,20.88,64.89,6.03,5.12,60,0.35,67.09,64.83,82.15,70.26,78.41,54.04,9.22,5.09,2.7,3.53,0.25,14.44,0,7.39,11.6,16.77,15.97
Aizawl,Mizoram,97.89,974,59.62,93.09,73.35,81.36,91.82,63.2,44.92,73.95,68.25,36.47,65.41,50.78,75.41,62.17,65.42,40.02,20.87,51.3,54.56,1002,87.46,45.88,25.09,91.56,21.5,17.86,10.07,41.92,75.36,66.72,45.84,71.41,95,6.83,1,50.64,53.73,48.85,83.85,35.93,23.64,26.57,56.33,22.76,7.24,49.67,1.27,33.33,51.47,54.26,55.9,58.87,55,8.63,3.72,8.07,5.68,6.83,11.36,7.21,4.3,13.63,15.21,13.49
Jaintia Hills,Meghalaya,61.64,906,69.94,71.45,65.43,56.1,31.39,94.69,13.2,51.4,65.44,50,55.67,55,28.34,58.17,35.24,48.73,14.71,35.18,25.45,2591,58.49,40.62,32.84,49.11,7.51,5.96,5.7,17.25,20.2,53.67,21.42,66.28,78.75,22.69,6.94,25.87,38.73,60,51.67,13.46,51.17,34.23,64.95,12.34,2.76,60,1.07,76.26,52.69,68,60.19,65.84,55,0,2.01,10,10.24,1.69,11.45,11.77,21.15,9.02,2.65,19.93
Bandipora,Jammu and Kashmir,56.28,937,51.11,46.33,37.35,44.84,7.7,61.73,31.71,34.98,57.72,50,50.76,55,35.81,30.8,30.95,34.6,26.33,34.78,38.35,2784,60.33,27.29,17.03,46.84,10.01,16.64,1.06,33.21,33.23,46.49,33.22,29.6,62.31,37.84,8.3,50.86,26.84,66.2,35.81,35.82,54.09,15.5,70,3,1,60,2.54,53.94,15,74.06,47.83,47.41,55,3.25,0,11.08,7.16,7.79,13.71,10.3,0.2,4.52,6.51,5.04
Chamoli,Uttarakhand,82.65,999,58.3,63.64,59.02,66.31,42.58,75.65,26.94,78.1,59.05,50,58.89,55,33.83,48.12,66.08,34.87,34.15,64.28,34.88,2505,74.41,29.07,36.42,81.57,11.29,8.22,3.48,20.44,25.91,68.7,43.42,36.37,68.63,25.35,4.71,16.02,42.36,59.79,56.99,32.68,36.61,30.38,63.3,32.26,14.92,60,3.14,72.75,46.14,41.17,47.13,50.66,47.04,8.28,0,3.93,13.13,1.05,12.88,15.2,14.15,10.52,12.98,14.3
West Khasi Hills,Meghalaya,77.87,956,68.75,56.92,61.64,59.65,49.51,65.49,61.19,70.98,60.97,50,49.99,55,52.96,61.25,55.91,21.67,7.9,37.76,67.36,1223,68.4,26.35,24.39,57.12,22.7,19.71,1,19.14,26.63,67.39,46.59,41.52,19.6,75.12,4.67,45.28,54.17,45.82,54.98,42.64,43.32,16.77,68.84,19.6,7.99,60,1.54,57.64,51.85,64.54,55.92,54.05,55,5.16,4.04,8.11,6.4,8.02,13.06,9.99,10.78,10.39,18.33,14.98
Bilaspur,Himachal Pradesh,84.59,1043,42.09,81.12,82.36,54.6,70.85,84.85,47.34,54.33,47.37,44.17,49.48,52.04,57.31,49.66,66.32,54.57,31.81,54.66,67.6,1529,68.33,23.75,2,76.74,19.6,11.12,10.75,21.23,57.3,45.21,25.47,65.17,84.17,12.09,6.64,39.51,53.39,79.11,31.54,42.43,15.67,26.93,70,20.74,9.7,60,0.44,59.18,78.23,44.68,66.16,67.28,55,9.25,0.17,8.72,14.53,1.34,9.05,19.21,16.29,14.5,19.98,2.68
Dimapur,Nagaland,84.79,966,68.63,63.13,73.91,66.92,37.03,74.02,19.29,59.61,57.53,50,58.98,54.57,75.4,68.8,66.24,76.8,49.55,70.22,48.9,2411,66.78,26.34,30.6,67.6,16.66,6.29,8.67,22.85,58.97,77.01,44.88,32.18,71.21,27.81,11.09,40.01,53.64,90,68.68,25.76,11.35,26.02,36.95,8.95,1,53.17,2.64,72.46,54.46,82.64,66.92,69.08,30.02,10.17,5.24,14.98,15.25,2.08,18.85,4.7,8.89,17.37,16.73,19.83
Dhalai,Tripura,85.72,958,72.57,74.54,61.04,46.06,22.7,71.78,62.6,49.58,40.32,50,65.7,55,52.93,57.92,40.52,35.68,35.2,55.55,40.66,681,80.62,34.89,4.73,87.09,24.91,19.78,13.32,48.97,50.02,56.18,57.2,64.75,60.68,39.11,13.02,44.63,70.99,81.9,47.21,34.04,28.02,31.27,63.17,9.77,1,60,2,52.69,45.21,73.1,62.16,65.83,50.04,5.15,9.24,12.87,8.83,5.41,3.69,12.59,19.85,23.76,20.84,15.83
Dadra and Nagar Haveli,Dadra and Nagar Haveli,76.24,938,71.42,71.68,61.45,63.91,53,88.24,16.32,53.54,49.33,50,50.13,55,50.62,17.51,43.16,45.17,28.7,32.21,40.63,1983,72.41,50.91,30.31,65.31,21.79,13.72,13.57,45.33,50.82,49.78,31.87,63.29,72.19,27.01,8.68,48.99,32.59,48.53,63.75,25.53,11.99,29.22,65.63,6.27,1,57.16,0,62.5,67.5,61.89,67.57,80.57,37.41,8.4,0,1.82,8.67,3.17,7.57,4.86,11.67,11.9,28.06,5.46
Uttarkashi,Uttarakhand,75.81,955,51.72,69.53,58.13,41.12,19.78,78.35,51.6,65.57,34.41,50,31.09,54.92,36.05,59.62,44.07,56.23,35.3,65.86,41.94,3565,55.82,30.33,30.82,74.52,15.1,13.98,1,13.26,54.23,49.51,48.43,19.29,74.38,25.05,5.73,40.02,72.29,64.04,59.56,26.74,34.31,41.87,65.67,30.34,11,60,4.22,72.64,47.42,66.71,57.26,70.36,55,11.82,1.08,0,9.24,3.34,8.24,14.57,21.71,16.59,14.57,12.85
Samba,Jammu and Kashmir,81.41,944,66.91,76.25,60.82,59.85,37.3,84.2,28.72,60.89,37.91,50,69.67,48.28,51.27,59.8,49.76,30.47,19.72,64.34,53.45,2038,74.98,38.33,23.96,63.11,7.65,6.74,6.23,15.71,36.57,69.48,50.34,36.25,54.51,54.9,6.55,51.21,63.42,65.19,48.89,11.45,19.03,26.69,61.22,5.85,1,58.22,1.54,95,70.48,38.87,54.87,56.06,55,10.07,10.56,8.44,10.27,0.41,7.4,6.23,14.31,13.76,15.12,13.67
East Garo Hills,Meghalaya,73.95,978,51.21,68.11,72.86,43.31,35.51,66.22,37.69,61.54,70,50,53.67,45.81,36.11,55.79,48.86,36.22,10.33,60.46,56.85,860,68.06,25.89,26.52,52.87,9.8,2.4,9.35,41.82,23.88,52.47,30.31,78.88,68.84,35.41,8.4,36.62,45.02,83.87,78.36,22.31,32.67,19.47,64.94,31.93,17.84,47.13,2.46,63.88,58.92,77.48,69.16,78.54,54.45,2.92,6.5,5.81,7.49,4.01,2.27,1.22,6.7,18.13,10.59,10.56
Reasi,Jammu and Kashmir,58.15,988,51.17,61.29,39.08,46.24,28.85,61.14,55.09,32.25,70,50,36.91,55,33.37,11.96,52.79,23.75,5,23.27,22.45,1653,40.52,21.14,33.19,47.55,3.33,7.54,1,53.95,31.82,39.02,33.34,71.95,80.88,25.06,8.87,17.01,45.08,48.91,60.78,3.46,27.58,38.16,70,11.11,4.38,60,2.56,77.59,41.51,35.53,38.87,36.38,55,5.26,3.67,4.2,11.67,7.65,19.22,2.57,16.26,4.19,13.22,6.34
Debagarh,Orissa,72.57,919,50.47,58.65,78.26,50.46,48.88,79.29,55.43,63.07,57.12,50,59.37,55,42.01,35.59,64.16,53.1,25.4,65.92,55.67,1632,66.01,22.41,14.05,63.79,19.41,8.26,6.11,53.67,32.99,49.83,34.24,40.99,70.19,32.13,9.74,34.41,40.83,37.63,65.81,23.35,38.92,30.97,70,9.18,4.32,60,2.97,47.42,69.07,56.51,61.62,66.3,43.16,6.11,2.4,5.22,9,10.64,14.21,7.64,15.51,10.38,20.2,10.61
Ganderbal,Jammu and Kashmir,58.04,897,44.45,47.5,61.01,24.68,19.57,74.17,71.74,39.89,70,50,55.87,55,27.69,27.76,39.8,49.93,38.06,32.9,42.24,4126,40.94,19.56,29.52,45.25,9.38,9.22,1.83,16.95,36.59,25.39,17.39,37.3,57.45,42.91,6.24,43.21,44.31,75.41,73.8,40.84,34.57,37.61,70,18.56,4.15,60,3.29,90.42,64.02,38.58,49.87,49.62,55,2.26,5.76,11.9,12.54,7.48,7.84,17.79,12.36,13.76,9.11,12.15
Ramban,Jammu and Kashmir,54.27,877,35.74,43.43,61.18,42.2,23.46,85.52,43.35,41.23,65.84,50,15,55,30.6,22.47,37.76,34.04,17.74,32.89,26.47,3699,26.7,31.2,33.96,52.2,13.05,14.89,7.99,52.81,36.42,34.74,27.21,10,67.34,34.71,10.12,22.87,60.92,62.31,69.33,34.34,24.35,25.56,70,13.53,2.05,60,0.39,52.88,68.44,63.77,64.96,66.4,55,10.28,6.94,1.48,1.19,7.05,14.49,13.71,8.51,12.68,8.9,11.42
East Sikkim,Sikkim,83.85,970,74.4,81.28,64.87,52.92,45.1,77.04,51.13,65.53,47.26,50,63.04,47.1,41.61,71.21,52.45,36.82,17.86,51.67,37.27,2858,69.99,43.8,41.12,69.59,16.72,8.95,1,5,37.94,46.24,28.18,87.43,86.88,14.25,9.8,27.22,46.27,35.04,67.18,26.35,10.84,11.3,56.58,19.78,12.57,47.56,3.62,63.02,52.27,77.92,68.75,82.83,47.06,3.42,0.19,18.24,7.87,0,10.2,12.23,18.16,18.09,14.16,12.61
Churachandpur,Manipur,82.78,906,75.67,80.8,67.31,66.76,46.91,80.46,36.25,55.19,50.9,50,43.68,55,40.97,49.53,59.7,41.08,20.27,67.42,51.06,1891,72.43,38.16,6.73,53.71,28.44,24.27,17.22,31.35,53.98,57.3,30.01,58.82,76.11,27.93,6.42,47.2,49.93,67.7,52.64,22.58,32.28,53.93,58.77,11.98,10.14,60,2.31,72.67,64.02,57.22,55.85,57.09,55,5.59,8.48,5.41,11.06,4.91,9.55,9.67,7.21,21.95,10.8,13.33
Kohima,Nagaland,85.23,864,66.58,79.87,56.07,59.67,47.61,58.52,48.64,58.22,47.61,50,64.65,55,59.8,50.7,62.42,40.05,22.93,57.86,38.42,3281,71.52,44.92,24.9,76.87,27.29,19.73,9.1,43.77,54.73,69.85,51.98,95,41.06,54.06,1.12,44.84,45.79,88.09,48.32,18.52,5.61,19.77,54.08,16.49,7.84,56.27,5.17,53.3,83.81,55.04,67.93,68.73,55,10.29,5.2,12.16,2.43,3.05,6.2,4.37,7.84,6.67,17.72,12.28
Shupiyan,Jammu and Kashmir,60.76,966,50.95,62.97,49.25,46.49,38,99,53.79,54.39,61.39,50,43.81,55,35.52,43.08,52.56,23.65,27.81,47.35,48.74,1180,74.58,36.85,8.46,44.59,17.45,15.6,9.77,5,42.1,55.06,49.01,54.17,72.56,31.06,4.46,21.27,36.38,42.51,67.37,13.98,47.45,13.07,70,12.93,1,60,4.63,81.21,57.57,48.18,51.9,50.49,55,4.2,6.81,5.65,8.72,0.47,11.09,5.34,16.16,4.66,13,5.22
Bageshwar,Uttarakhand,80.01,1050,50.52,63.76,71.94,46.43,55.66,76.03,43.03,66.2,63.43,50,62.36,55,48.17,54.84,64.99,43.78,25.06,56.77,34.52,3169,71.04,32.67,7.95,65.12,30.66,15.75,10.49,72.67,39.11,74.09,48.35,63.65,70.17,30.67,14.27,35.81,46.98,38.96,50.57,34.82,37.41,35.6,49.83,25.89,9.08,49.57,5.65,55.07,49.02,51.61,49.63,49.03,49.41,4.65,7.07,1.41,9.43,1.18,7.84,7.24,11.74,17.21,15.8,11.77
Champawat,Uttarakhand,79.83,950,61.88,83.52,79.85,49.99,48.79,86.37,8.92,71.26,53.6,50,50.89,51.37,26.42,10,33.87,51.81,24.8,54.93,54.47,3035,69.03,51.6,24.31,80.28,2,2.37,2.67,58.88,53.27,71.31,54.71,75.83,82.95,8.01,1.23,36.35,39.97,55.54,76.92,6.58,41.8,15.66,66.08,23.1,10.18,60,1.12,77.46,78.16,44.63,62.29,59.72,46.09,7.35,4.94,8.27,13.91,7,6.14,6.79,1.21,18.44,25.16,9.04
Ri Bhoi,Meghalaya,75.67,984,61.25,78.77,53.11,48.38,47.21,67.97,51.63,61.92,61.72,50,34.24,55,46.7,37.65,52.66,48.72,29.43,43.5,44.43,2064,67.76,28.13,20.93,78.5,36.77,16.86,3.58,46.65,47.86,50.28,49.75,90.78,62.59,37.84,13.27,36.86,46.42,67.25,63.06,6.3,16.43,22.29,68.12,20.98,7.71,52.88,5.57,81.02,65.01,76.13,66.53,70.75,54.24,4.36,5.34,2.73,5.64,3.33,15.78,6.72,7.23,16.9,17.13,7.37
Bijapur,Chhattisgarh,40.86,953,61.85,41.92,37.9,37.17,5,81.7,52.29,30.87,70,50,24.1,55,28.84,10,45.4,25.33,29.24,46.72,17.79,3225,31.2,14.33,33.74,30.13,24.92,24.75,7.18,17.63,30.16,37.7,27.56,68.02,55.35,38.12,1.09,29.92,33.93,53.65,74.73,35.85,34.99,28.49,70,27.43,4.61,60,3.19,73.68,48.24,62.7,58.55,62.3,55,12.13,5.55,9.74,7.84,0.57,6.89,5.24,15.44,20.9,2.59,0
Mon,Nagaland,56.99,946,36.62,63.76,50.53,56.67,29.95,62.37,31.4,29.63,69.69,50,43.96,55,26.56,39,37.66,34.18,16.49,25.26,32.96,1798,55.88,33.18,15.85,53.06,19.03,2.3,10.05,33.77,51.48,45.95,35.15,58.05,37.37,59.96,4.91,24.07,36.61,75.42,50.21,27.49,20.67,25.28,70,21.11,13.99,60,4.38,75.63,81.03,44.44,65.4,70.02,55,2.34,2.93,8.87,4.78,3.09,18.02,10.03,11.38,5.68,14.56,6.91
Rudraprayag,Uttarakhand,81.3,987,80.62,61.57,53.89,48.86,50.97,83.42,19.31,61.94,41.52,50,67.06,55,69.74,45.31,69.24,44.67,17.35,61.03,61.74,1061,71.99,32.1,18.39,64.69,9.09,4.13,4.34,49.23,48.65,33.9,25.87,58.56,49.5,49.7,6.5,47.52,28.59,59.69,47.88,25.54,32.09,22.64,69.45,20.43,5.67,55.49,4.35,95,36.95,50.97,45.98,48.23,46.27,0,5.95,5.53,6.44,5.87,7.43,6.24,12.39,16.48,14.56,15.34
South Andaman,Andaman And Nicobar Islands,89.13,938,81.82,76.55,78.85,73.16,59.41,73.73,74.52,70.54,32.99,50,50.67,42.92,21.55,53.66,59.87,34,16.39,66.16,39.17,3080,78.28,48.26,22.54,73.47,13.62,4.19,1,14.79,41.74,49.41,31.6,37.08,83.74,8.72,15.13,36.03,53.57,73.21,90.18,27.48,16.02,46.08,52.79,18.04,3.19,60,3.92,71.25,62.94,88,74.85,76.32,53.73,9.37,3.22,9.76,13.48,2.98,3.49,15.66,14.57,15.69,16.18,18.26
Bishnupur,Manipur,75.85,961,64.69,63.12,57.06,31.4,30.12,78.35,54.83,75.1,55.98,50,63.37,55,51.13,20.57,56.05,44.85,27.94,64.64,40.56,2123,59.48,30.26,9.66,59.63,24.09,19.03,8.68,31.75,28.39,54.71,33.09,50.36,65.56,34.17,8.1,56.85,48.66,42.03,62.76,49.12,28.83,25.66,70,13.27,5.22,40.15,0.82,66.65,72.2,54.35,61.06,61.49,55,4.57,4,14.19,6.88,1.37,13.63,15.61,15.74,16.76,14.3,13.16
Kishtwar,Jammu and Kashmir,56.2,963,64.74,55.63,49.58,27.4,18.83,86.38,40.42,48.27,64.57,50,32.86,55,39.46,30,30.16,26.1,21.17,53.22,24.7,2742,35.26,24.7,11.32,33.98,24.32,25.43,5.24,51.39,44.45,43.84,24.97,59.02,60.2,40.14,7.14,48.86,59.27,32.9,78.7,25.67,10.7,16.21,70,13.29,8.87,60,4.91,70.04,71.08,73.25,71.19,75.39,49.83,2.77,8.69,8.45,4.16,2.24,8.77,13.01,13.7,12,9.81,3.25
The Dangs,Gujarat,75.16,923,65.09,60.29,59.33,43.02,31.48,63.21,22.26,71.17,55.78,50,56.24,55,47.84,58.48,42.86,26.41,23.9,51.24,44.63,3839,59.87,37.62,33.39,64.65,24.68,19.32,5.02,8.1,45.63,62.49,49.81,85.64,85.32,18.46,4.26,26.29,49.09,48.88,43.82,28.52,27.76,38.72,56.74,20.18,9.61,58.28,3.7,84.07,41.5,40.78,41.32,43.18,50.62,7.54,3.89,5.36,6.27,7.65,3.1,12.43,0,10.94,16.38,10.66
Dima Hasao,Assam,77.54,990,67.05,75.09,57.51,40.75,49.57,69.79,28.56,65.69,53.32,50,49.18,55,44.76,63.44,62.66,48.22,20.57,59.58,38.31,1550,68.17,35.55,13.41,68.21,10.72,21.77,1,40.98,62.69,63.21,53.47,49.4,81.61,16.12,10.09,22.86,59.25,30.76,60.75,49.7,6.98,18.33,52.37,27.14,6.91,60,0.05,95,36.39,57.58,48.98,48.89,55,7.68,5.24,11,4.92,0,12.27,2.24,12.67,15.9,26.09,7.01
Karaikal,Puducherry,87.05,943,69.76,87.94,71.51,45.1,62.74,83.49,71.05,63.3,70,50,62.76,50.15,54.49,60.86,70.4,41.18,17.1,78.58,31.01,2071,70.43,52.42,34.19,68.62,8.7,1,5.52,5,23.52,41.63,37.66,79.25,48.76,52.61,5.95,53.3,49.92,62.37,84.54,24.24,54.46,25.69,57.8,23.56,4.98,51.47,2.03,62.5,58.44,40.01,48.98,50.28,55,2.95,3.48,11.21,5.23,4.2,4.47,21.45,9.9,16.09,15.57,20.7
Tuensang,Nagaland,73.08,920,72.05,70.64,60.35,55.29,32.74,99,47.75,58.05,42.85,50,60.07,55,50.61,27.82,52.77,44.27,23.98,50.5,31.19,3613,64.45,30.12,27.29,70.82,19.95,6.46,11.43,18.01,51.12,61.42,43.04,56.36,83.62,15.9,7.08,38.79,60.87,18.7,41.53,45.72,32.25,16.14,53.54,23.52,2.83,60,0.57,51.31,65.57,41.44,54.59,63.48,54.94,10.75,2.9,7.58,4.84,4.65,1.05,8.59,13.18,13.8,15.06,9.41
Mokokchung,Nagaland,91.62,971,84.68,84.44,70.83,61.99,63.59,76.34,33.99,74.77,25.13,47.81,51.86,55,41.68,70.08,52.28,60.98,42.06,53.47,74.63,2802,76.02,52.6,2,74.39,25.7,12.24,17.48,25.92,47.26,67.53,59.39,82.87,32.15,65.76,6.57,50.1,46.78,46.85,95,2,30.08,29.54,30.95,10.15,3.19,51.71,0.15,82.44,38.83,62.7,49.46,59.81,50.86,9.45,9.79,15.87,5,2.73,14.39,13.97,19.41,22.16,19.5,11.77
Daman,Daman and Diu,88.07,914,64.8,72.35,64.96,65.44,49.69,85.09,55.19,62.35,50.48,50,54.85,45.83,52.03,61.53,62.68,37.63,12.5,57.8,55.8,1570,78.3,52.46,26.36,69.76,18.03,12.33,1,44.24,44.2,70.92,55.65,71.53,70.27,21.38,10.88,34.13,59.68,49.85,68.04,11.06,39.46,27.48,52.05,23.18,7.85,56.43,4.71,44.55,59.53,35.67,48.46,50,51.2,13.9,0,7.5,2.25,2.13,18.44,14.16,6.57,28.26,15.05,16.9
Ukhrul,Manipur,81.35,951,52.82,67.29,71.07,63.85,41.95,76.72,28.71,61.07,47.43,49.83,58.79,55,42.54,47.4,70.45,46.78,23.21,43.9,51.36,1340,61.33,47.9,26.27,73.36,32.81,16.19,14.55,22.39,35.56,72.54,54.97,70.18,68.14,31.3,11.05,37.58,60.01,36.16,52.72,16.98,11.81,26.65,70,15.81,7.87,60,0.04,68.87,33.14,30.93,31.29,29.92,55,4.17,4.16,16.44,7.28,7.95,9.03,4.79,13.42,5.07,14.26,12.05
Papumpare,Arunachal Pradesh,79.95,950,62.93,80.7,83.5,58.62,39.8,99,75.02,61.31,55.19,50,79.98,52.06,30.85,23.67,74.4,23.25,9.21,59.68,44.58,1725,69.5,39.62,25.08,55.62,18.33,8.16,9.75,37.26,54.77,57.26,16.23,77.58,82.7,21.02,4.44,34.44,57.91,49.49,70.28,32.01,19.07,28.8,56.45,20.41,6.11,59.44,0.36,69.57,70.91,60.96,66.74,69.9,43.14,6.63,0.39,5.73,3.09,7.94,17.06,6.86,15.86,20.84,20.96,16.28
Wokha,Nagaland,87.69,993,62.77,84.38,73.4,67.96,58.81,57.03,72.06,82.38,53.22,50,52.75,45.49,56.84,64.06,58.83,67.24,47.88,72.03,51.99,1535,69.41,31.87,18.3,81.79,17.99,14.8,3.97,22.63,55.59,78.18,52.1,74.66,68.86,26.47,5.49,45.48,76.1,55.08,81.64,46.29,37.43,36.81,59.19,23.42,12.29,45.39,6.96,63.39,46.43,42.19,39.01,45.5,51.45,6.93,7.76,13.25,11.57,5.32,15.01,11.99,11.14,19,14.99,8.66
Phek,Nagaland,78.05,969,62.9,69.97,75.69,53.94,46.71,79.14,35.67,44.7,66.01,50,75.04,55,36.16,39.72,39.13,27.72,20.86,53.42,41.67,2414,54.04,46.34,8.72,63.13,24.71,9.87,4.98,25.45,29.22,47.25,23.27,79.28,57.6,41.31,5.1,22.83,44.28,77.85,52.62,17.91,32.26,35.44,66.57,9.75,5.86,56.46,2.1,64.27,52.54,45.52,50.49,52.84,45.57,4.69,3.82,7.9,5.75,3.37,14.34,2.27,5.15,10.34,11.17,12.06
Lunglei,Mizoram,88.86,949,84.02,77.05,58.86,50.33,82.45,58.49,32.43,80.18,31.61,50,82.25,55,30.9,57.47,71.16,43.25,33.18,45.99,59.64,2271,74.21,38.14,36.15,83.45,30.19,13.96,6.22,57.51,50.85,52.52,44.41,95,59.02,40.63,8.73,41.13,69.12,36.27,54.77,36.74,19.92,14.53,55.24,20.26,5.92,54.02,4.32,40.21,67.96,21.18,46.19,49.92,55,7.61,2.59,10.34,8.63,5.34,10.15,9.55,5.78,14.18,26.69,15.36
Changlang,Arunachal Pradesh,59.8,983,45.28,39.64,55.45,52.44,18.1,47.92,5,38.34,58.55,50,40.89,50.79,26.42,36.7,41.11,50.96,41.29,52.08,37.09,2451,63.12,28.21,18.78,61.14,4.51,1,1,14.3,41.36,53.04,40.54,90.34,95,10.51,11.63,15.05,53.47,61.43,68.74,51.85,39.07,18.9,67.43,20.89,9.53,54.92,5.25,51.98,66.57,29.69,49.72,49.58,50.6,7.91,0,0,8.64,6.21,8.02,0,12.79,15.17,5.93,0
South Sikkim,Sikkim,81.42,1006,65.64,65.78,56.95,51.1,51.62,81.57,15.37,53.23,55.44,50,54.01,55,35.19,67.31,67.35,42.9,23.29,39.23,34.8,1443,57.54,30.13,9.4,74.33,6.82,2.91,3.2,48.66,46.92,55.36,32.94,67.33,63.49,36.66,8.79,33.01,52.13,65,71.95,43.78,34.24,38.09,69.12,26.99,14.78,52.67,4.55,79.06,62.11,53.53,54.86,52.94,54.77,7.92,8.73,19.84,0,4.66,12.72,10.05,9.28,14.91,20.7,9.48
Lohit,Arunachal Pradesh,68.18,972,56.72,74.74,44.55,38.37,27.97,79.67,18.21,62.39,66.8,47.99,40.81,55,49.84,39.4,52.13,24.72,5.33,32.27,43.95,2136,58.91,24.55,25.49,51.46,14.87,14.72,10.64,34.98,50.79,55.64,44.16,49.17,72.75,28.69,1,32.47,64.07,54.62,62.02,20.15,37.08,17.61,66.23,14.86,3.06,60,3.3,34.38,70.44,46.26,56.22,62.08,49.07,4.69,0.02,10.58,5.93,6.29,14.24,16.88,1.43,12.03,12.63,7.77
Chandel,Manipur,71.11,950,66.82,55.04,53.83,48,24.63,74.58,47.7,61.3,70,50,49.09,55,40.95,42.48,42.39,49.11,20.02,47.99,13.16,350,66.82,40.96,11.09,50.44,49.59,27.73,21.78,24.64,35.63,78.03,47.13,65.33,25.62,74.34,11.04,40.96,45.53,46.04,71.04,35.42,35.46,32.9,63.71,18.51,6.76,60,2.93,63.71,61.14,64.55,60.24,64.03,55,5.16,5.46,14.08,13.87,3.94,4.7,9.99,8.21,9.37,8.15,10.89
South Garo Hills,Meghalaya,71.72,898,36.32,65.87,73.54,41.08,37.87,76.73,38.48,66,66.53,50,36.14,55,56.03,61.98,52.2,49.15,14.79,52.72,48,2331,79.36,38.8,8.61,49.49,15.39,6.4,1,13.08,12.39,59.17,36.03,19.48,47.11,50.43,2.6,42.21,47.5,34.5,77.8,29.07,20.46,37.07,70,20.36,7.45,60,4.08,60.31,76.71,35.6,57.14,62.62,55,3.73,6.8,2.11,3.9,0,9.38,2.68,5.2,9.11,12.46,9.52
New Delhi,Delhi,88.34,907,65.19,86.56,81.92,57.66,50.06,99,18.09,76.49,46.43,50,61.08,48.92,40.59,45.11,75.5,41.57,21.27,66.06,36.09,3258,71.15,36.83,15.49,83.91,16.78,13.82,2.72,14.37,50.83,66.13,43.92,74.58,71.34,22.99,5.14,51.23,54.7,89.17,67.6,17.09,28.94,7.3,47.59,14.87,4.87,56.51,2.55,35.11,29.34,47.34,40.31,35.48,51,3,10.52,9.86,16.09,4.42,10.05,7.24,17.49,11.07,16.54,14.44
Kargil,Jammu and Kashmir,71.34,938,60.62,55.42,63.8,53.38,81.58,74.9,39.38,72.12,48.29,50,64.91,55,49.73,52.58,49.88,34.37,17.55,49.28,41.65,918,55.58,38.31,12.02,59.56,24.18,19.72,13.66,21.7,41.4,43.81,37.18,36.8,32.94,65.63,8.79,17.17,34.37,56.31,54.63,30.13,4,22.12,54.23,14.72,8.29,60,4.39,90.39,54.11,50.74,50.34,60.19,55,5.74,2.35,8.1,9.18,7.05,9.59,13.08,4.09,10.29,6.12,9.76
Zunheboto,Nagaland,85.26,926,80.95,78.03,55.09,63.17,43.39,84.12,55.11,71.94,43.2,47.63,53.57,54.71,80.97,48.77,50.07,42.41,31.75,77.28,36.82,2635,63.14,39.72,9.05,67.68,27.77,25.19,6.8,32.3,50.63,41.49,42.31,80.45,71.89,30.08,7.66,55.98,60.98,49.32,64.69,19.31,22.85,36.78,44.37,14.41,8.41,60,2.48,49.55,53.47,46.73,54.05,57.76,44.54,12.07,1.43,3.71,9.07,5.09,7.62,10.83,21.52,14.7,19.19,17.38
Tamenglong,Manipur,70.05,943,52.62,69.61,58.57,40.06,20.08,70.21,55.56,53.29,52.04,50,46.63,52.94,42.8,30,34.65,37.54,22.66,49.69,42.06,1650,68.67,37.89,29.68,58.49,19.7,15.15,6.67,45.86,51.81,52.66,34.81,95,48.95,51.67,11.49,26.68,52.58,90,91.34,26.49,26.57,25.24,69.52,17.98,8.41,60,2.71,73.23,51.72,59.56,59.55,55.3,55,14.16,2.72,15.43,7.96,6.03,4.34,12.26,25.96,14.38,15.65,18.95
Narayanpur,Chhattisgarh,48.62,952,22.7,43.85,49.62,29.16,28.27,81.54,7.01,39.07,70,50,17.02,55,37.08,29.19,28.88,10,5,44.38,36.11,2922,34.39,20.28,18.63,49.97,29.64,19.92,3.55,29.6,10,54.54,51.48,28.98,43.39,64.01,5.56,18.56,35.83,59,70,8.46,38.77,22.15,70,32.98,14.27,60,6.76,57.97,62.46,32.63,47.96,54.31,55,11.26,2.23,9.73,11.18,4.19,9.48,9.14,8.56,4.64,7.98,1.29
West Sikkim,Sikkim,77.39,971,69.24,89.73,67.06,64.92,10.31,75.14,42.43,70.73,56.14,50,57.91,55,50.89,54.73,51.2,41.52,23.98,62.04,64.47,2343,62.82,34.65,35.03,72.01,6.06,6.81,6.73,30.8,39.7,53.69,40.65,56.99,48.88,55.85,4.13,40.73,67.45,90,83.6,3.84,37.17,36.97,67.92,18.26,5.62,50.05,2.04,52.33,58.21,58.2,59.32,60.79,55,4.14,0,8.73,11.41,4.42,9.61,6.17,9.32,17.71,17.85,11.71
Leh,Jammu and Kashmir,77.2,947,56.55,57.8,46.74,59,39.94,73.07,17.33,54.38,40.44,50,56.68,55,25.4,62.56,63.38,65.01,30.69,41.11,27.82,2564,50.83,24.51,9.75,69.13,10.34,5.38,1,33.49,31.39,62.28,48.6,36.71,89.5,16.7,6.75,33.38,45.37,29.51,57.28,21.56,19.47,40.25,61.81,22.9,10.15,60,3.04,61.46,67.37,68.23,62.76,66.02,47.56,7.63,8.91,12.12,6.93,5.51,8.64,10.63,18.66,9.36,16.46,15.93
Champhai,Mizoram,95.91,969,65.04,93.73,68.44,87.89,52.79,99,63.03,71.31,38.09,31.71,67.77,54.2,59.78,75.24,56.13,42.2,33.52,65.44,69.25,2258,88.6,48.71,2,86.63,29.62,17.88,3.8,43.58,38.25,84.87,63.14,23.43,68,21.84,11.91,49.62,40.86,50.73,68.94,28.82,19.16,18.86,41.08,19.25,3.84,60,3.86,59.65,37.24,36.83,35.45,35.31,44.55,0,2.75,4.73,5.28,10.83,14.25,10.34,19.5,21.11,25.65,11.57
Lawngtlai,Mizoram,65.88,953,48.17,58.08,57.18,57.92,46.45,92.13,60.68,48.53,69.25,50,43.95,49.08,39.91,35.99,63.36,30.94,12.28,67.35,41.1,3395,65.26,39.82,21.79,57.44,18.11,2.9,10.54,46.61,35.37,68.05,49.46,55.87,45.61,62.29,10.52,39.24,63.67,30.34,76.91,11.47,48.3,48.21,64.22,16.54,14.05,60,3.99,62.2,89.38,56.41,69.14,72.21,52.09,5.38,3.52,9.81,1.3,7.53,4.16,15.14,10.05,7.53,7.79,11
West Siang,Arunachal Pradesh,66.46,871,53,65.22,63.56,57.96,49.48,79.64,27.04,34.65,63.64,50,43.59,55,33.44,28.03,34.83,24.03,5.3,41.48,34.47,2513,63.26,33.78,42.27,58.91,5.38,7.96,9.56,10.03,44.97,56.7,46.04,70.7,75.96,25.37,8.35,23.76,55.02,52.8,87.47,31.32,25.89,5.59,70,18.81,11.57,60,3.59,53.2,49.14,55.72,49.7,51.99,54.36,4.45,5.88,9.45,10.26,7.13,12.4,7.65,10.36,22.05,11.83,8.45
Tirap,Arunachal Pradesh,52.19,912,38.1,50.06,30,22.65,18.76,50.35,29.68,40.47,70,50,41.55,55,18.1,27.49,62.24,38.44,29.61,29.79,40.43,1565,31.52,20.69,26.37,46.13,4.77,4.16,1,29.92,32.32,45.75,40.24,73.09,76.94,25.1,13.3,24.72,44.75,52.72,83.41,25.51,31.6,8.91,70,25.15,12.93,60,0.5,49.79,59.3,59.42,60.9,57.26,55,13.5,8.16,9.67,7.26,5.61,2.03,10.24,10.41,12.64,15.44,3.81
North And Middle Andaman,Andaman And Nicobar Islands,83.91,944,45.88,70.39,67.92,66.38,43.09,73.67,35.77,51.23,53.48,50,58.45,47.75,54.48,36.17,76.8,61.39,41.43,60.44,47.51,2289,76.18,35.21,58.58,71.32,9.89,10.31,3.27,57.09,37.9,42.93,25.12,61.08,55.14,49.34,12.58,38.39,49.37,46.76,48.21,32.8,40.99,21.55,67.54,18.57,8.65,44.84,3.32,80.07,51.91,50.02,53.23,59.35,47.73,7.04,0.52,14.14,3.62,1,10.67,9.27,7.89,19.31,19.49,8.52
East Siang,Arunachal Pradesh,72.54,902,68.38,66.89,63.58,50.25,27.03,99,5,57.08,70,50,53.93,55,28.23,40.92,53.56,55.43,19.47,46.09,52.13,1868,48.28,21.72,23.98,67.69,18.02,1,9.94,11.31,38.15,47.33,33.98,24.72,79.27,20.84,11.15,46.97,51.06,55.97,82.28,36.35,28.89,22.99,60.1,17.71,8.31,55.78,3.49,65.1,56.22,72.69,66.85,70.64,55,6.2,5.07,6.88,4.68,8.68,0,21.37,18.47,12.2,3,1
Peren,Nagaland,77.95,974,76.21,57.15,74.16,49.06,24.85,75.23,51.72,68.18,55.59,50,56.71,55,68.48,42.67,39.19,29,24.24,46.63,34.86,2346,66.72,30.82,22.83,69.15,22.67,14.5,9.09,36.34,54.03,54.5,54.23,60.47,80.12,14.53,3.29,32.16,37.47,47.63,90.29,41.12,27.88,23.53,66.78,17.12,1.78,60,5.28,64.1,46.98,83.76,66.1,71.19,50.16,5.73,0.35,6.35,6.73,7.72,6.55,6.24,13.93,17.07,7.24,12.36
Kurung Kumey,Arunachal Pradesh,48.75,1011,48.08,48.1,53.62,35.81,28.9,91.24,39.54,32.62,66.89,50,45.36,55,28.18,37.98,36.13,35.37,15.29,29.29,21.65,1822,43.08,19.17,2,34.39,14.71,5.28,3.66,31.92,35.01,31.58,25.1,28.15,77.32,29.92,11.13,19.37,34.69,53.01,56.38,32.24,25.59,20.59,61.36,11.05,1,60,4.48,51.63,58.09,60,60.62,66.91,55,4.84,5,5.93,3.07,6.1,10.89,8.08,8.65,2.51,9.75,8.24
Mamit,Mizoram,84.93,999,57.32,78.52,76.03,68.9,26.85,95.3,64.4,80.61,39.88,42.9,66.22,45.46,32.03,24.49,56.34,64.67,35.81,73.77,62.28,1591,74.67,51.37,25.14,76.42,21.85,21.71,5.71,24.8,40.08,64.69,50.81,29.46,49.87,46.29,7.19,28.41,44.18,41.4,51.58,21.46,22.87,18.29,55.72,27.32,7.53,60,5.41,88.62,63.7,55.02,54.59,57.8,44.47,8.13,4.88,5.72,7.19,4.87,3.87,5.21,13.39,10.41,25.19,8.93
Kinnaur,Himachal Pradesh,80,941,62.99,76.47,59,61.01,36.78,80.63,23.03,51.32,54.5,35.83,57.93,55,37.83,39.2,44.26,51.12,32.17,54.63,65.82,2379,72.28,45.56,22.02,69.98,13.63,11.93,1,63.63,36.59,81.94,70.79,38.06,40.78,54.29,6.42,27.69,53.62,80.97,64.63,27.27,32,24.36,56.9,15.42,6.34,47.09,0.99,63.69,18.97,50.22,30.73,33.59,51.88,3.35,2.58,14.51,0.52,6.64,3.91,16.52,10.73,12.86,13.84,10.88
Kolasib,Mizoram,93.5,1010,75.06,91.56,56.69,56.67,36.17,67.9,32.62,84.01,19.49,49.77,80.63,55,48.09,47.39,68.69,57.49,39.19,52.17,55.68,2250,79.41,35.06,15.11,84.37,30.24,20.83,11.52,35.66,30.83,84.64,59.47,79,31.53,67.3,5.27,28.06,66.31,35.04,67.69,52.95,4.49,19.92,42.07,30.76,11.46,51.89,1.01,36.56,50.07,28.98,38.9,34.96,53.89,8.2,4.7,8.65,4.87,4.31,15.91,16.89,28.02,24.42,21.94,8.26
West Kameng,Arunachal Pradesh,67.07,956,61.29,62.94,54.66,54.37,43.49,48.78,14.87,57.41,57.92,50,51.15,55,65.84,54.49,40.36,32.88,23.29,31.83,10,3158,41.31,26.22,18.36,56.18,43.52,26.13,14.86,62.2,31.74,54.82,40.84,68.91,50.2,47.87,7.31,24.73,34.71,58.82,59.75,36.83,24.94,35.18,70,20.96,10.82,58.68,3.66,69.14,49.5,27.16,40.12,38.8,55,11.73,4.76,14.11,2.35,7.18,3.02,8.92,11.51,17.11,13.83,12.19
Upper Subansiri,Arunachal Pradesh,63.8,937,59.53,58.46,66.49,38.28,60.3,86.21,24.91,35.5,59.66,50,57.71,55,24.47,24.91,39.32,39.54,23.33,66.73,35.89,1827,58.51,29.06,19.18,60.72,14.07,11.13,3.17,35.1,14.26,59.44,51.11,64.45,55.38,44.64,5.5,50.92,50.96,33.53,47.2,25.86,37.56,27.37,62.98,30.25,9.2,60,5.27,53.54,89.82,31.54,59.34,62.65,55,6.45,3.75,10.36,7.8,2.49,10.41,15.93,17.44,0.3,15.65,7.97
Lower Subansiri,Arunachal Pradesh,74.35,925,53.42,60.75,77.26,54.21,20.09,68.22,21.36,79.88,41.75,45.5,58.11,55,39.5,47.33,51.29,57.01,30.81,49.81,45,417,63.98,29.73,17.84,62.71,22.8,10.18,3.97,43.28,65.7,47.15,45.27,40.75,56.84,42.67,8.68,44.52,50.45,39.97,87.09,23.19,35.93,24.35,56.88,17.4,10.04,60,2.6,78.66,67.9,54.25,56.99,60.58,44.3,4.74,3.39,4.63,3.09,0,18.38,11.64,15.61,8.45,20.22,14.23
East Kameng,Arunachal Pradesh,60.02,938,50.83,49.03,61.12,38.98,5,80.11,64.92,45.51,54.71,50,23.59,55,26.56,34.47,38.26,38.95,26.67,46.36,33.22,1873,43.8,12.2,45.08,56.81,21.98,13.79,4.09,24.61,22.75,65.58,30.26,50.24,61.15,45.59,7.31,45.54,48.85,41.89,52.1,17.82,49.75,26.13,70,13.13,2.79,60,1.52,80.58,77.5,46.92,60.13,64.74,52.94,5.7,0,1.47,4.76,1.4,11.71,13.51,12.1,10.37,16.72,7.71
Kiphire,Nagaland,69.54,934,61.73,70.89,64.49,46.49,34.85,63,31.03,47.09,66.37,50,61.73,49.61,44.24,54.24,70.98,24.79,13.93,40.96,45.76,736,46.55,33.38,15.55,55.46,19.39,9.71,9.26,24.81,51.55,34.5,19.98,30.6,93.19,9.11,8.88,22.8,43.87,52.63,57.4,10.75,41.72,40.37,66.52,27.35,9.69,60,0,78.84,63.37,74.43,66.1,75.03,52.36,10.8,0.73,1.74,16.04,5.42,11.14,5.03,15.64,18.8,18.45,6.48
Serchhip,Mizoram,97.91,957,92.99,98.17,82.44,76.2,53.98,74.82,47.48,66.97,43.56,50,69.89,51.63,47.59,65.9,63.28,48.48,43.53,71.75,53.02,2574,95.54,41.64,22.03,80.13,24.53,27.28,12.11,42.37,75.67,79.8,51.86,85.29,55.89,39.82,10.21,22.75,66.1,58.16,66.64,45.5,35.72,21.2,57.28,14.51,8.49,37.96,3.73,58.08,56.24,12,28.95,30.02,55,6.56,2.16,4.55,10.46,4.09,7.43,10.81,14.26,18.84,16.51,12.54
Lakshadweep,Lakshadweep,91.85,956,80.93,81,69.14,53.89,53.39,78.4,37.38,71.31,45.91,50,63.78,55,36.85,56.56,69.11,65.44,43.96,78.89,65.18,693,87.92,47.94,15.15,82.89,22.79,22.16,6.67,42.7,53.11,71.46,52.6,95,61.12,35.28,6.82,47.37,49.37,35.08,42.91,30.74,30.4,11.72,40.45,29.28,13.23,39.38,2.77,63.31,60.46,50.65,62.23,66.79,50.24,3.56,0.97,14.1,9.4,4.56,7.45,19.36,27.92,3.85,17.61,19.81
Saiha,Mizoram,90.01,950,80.4,81.33,72.21,82.46,42.31,81.22,19.61,70.49,49.06,50,65.82,53.7,47.16,47.35,64.96,53.9,24.95,56.48,40.01,1310,82.16,37.62,29.4,73.85,13.29,13.95,2.92,45.76,48.31,55.44,34.2,69.13,29.28,68.78,5.05,65.05,38.68,47.56,41.77,9.77,23.61,15.27,48.61,23.63,5.7,47.41,2.13,68.73,71.84,56.93,68.08,71.72,37.16,9.23,2.28,15.5,12.19,1.11,10.16,17.39,12.42,10.34,20.59,21.89
Yanam,Puducherry,79.47,967,65.44,65.19,83.35,37.42,39.67,64.62,41.63,63.37,53.24,48.01,52.18,36.28,40.12,25.45,60.18,46.16,23.88,60.21,62.52,1874,62.14,40.38,22.12,85.2,31.17,12.81,7.49,41.78,27.84,56.2,47.46,72.64,95,5,1,32.55,36.22,37.16,58.52,23.5,37.05,24.2,70,30.72,15.48,43.38,4.81,78.39,81.25,64.36,66.88,69.23,55,3.16,3.77,9.46,9.05,5.91,1.02,14.03,0,17.9,18.31,5.89
Lower Dibang Valley,Arunachal Pradesh,69.13,998,70.95,70.43,50.51,42.41,41.99,92.36,56.98,51.38,70,50,50.66,55,30.91,44.44,54.23,32.92,20.14,34.33,60.08,3590,38.62,18.57,16.64,63.29,20.02,17.33,10.75,10.94,31.97,39.41,30.94,54.82,38.31,59.12,11.08,35.26,41.08,36.36,77.38,40.25,34.53,32.78,70,11.19,4.74,60,2.83,49.43,59.53,52.29,50.14,51.8,55,5.07,4.26,13.63,1.38,1.89,16.06,14.76,26.13,13.46,16.8,13.99
Diu,Daman and Diu,83.46,988,71.69,79.77,85.4,62.12,60.68,70.84,20.84,71.01,51.16,50,52.5,55,39.44,56.44,68.06,60.99,46.99,78.65,39.12,1234,77.06,41.31,2,71.14,14.15,10.14,5.08,20.49,65.15,47.8,42.96,25.61,49.28,45.21,8.32,21.22,36.43,75.4,67.82,19.64,24.76,37.56,49.68,26.65,4.23,56.8,3,66.4,45.66,55.84,48.33,47.61,55,6.92,5.69,6.23,1.73,6.49,12.04,22.17,9.94,15.7,7.85,8.09
Longleng,Nagaland,72.17,891,50.52,78.54,58.69,56.36,8.98,57.91,61.18,53.24,42.12,50,63.26,46.5,53.91,24.4,54.57,61.03,47.91,53.2,32.34,2211,64.28,34.55,22.92,67.9,42.43,33.7,16.32,50.3,43.91,35.6,34.32,41.12,74.52,26.93,7.3,35.65,62.98,29.94,34.11,15.23,17.86,46.78,65.72,13.06,2.7,59.28,4.8,93.02,68.87,52.82,56.38,58.73,55,2.77,4.47,5.86,0,0.76,2.26,13.93,13.52,18.55,20.42,7.79
Tawang,Arunachal Pradesh,59,850,63.28,46.95,66.6,40.3,24.87,76.69,28.01,29.67,70,50,40.16,52.97,28.61,20.6,45.6,49.66,26.63,37.17,40.33,2722,47.15,28.35,16.29,46.3,16.84,12.56,7.33,5,32.79,56.66,47.93,48.69,66.43,31.29,12.69,28.28,40.72,56.34,85.84,29.28,29.26,35.87,62.53,3,1,60,7.38,56.97,42.2,57.04,56.77,58.73,51.53,0,4.36,12.85,7.81,2.48,16.13,6.69,9.74,8.89,3.28,9.69
North Sikkim,Sikkim,78.01,987,70.49,67.56,51.64,54.03,45.01,78.41,35.34,60.11,56.9,50,50.78,55,29.3,49.83,56.29,61.32,29.32,51.63,32.56,3536,75.31,41.52,19.27,73.69,20.55,13.32,5.96,40.27,58.65,72.37,51.59,50.29,91.58,5,2.85,12.65,59.3,85.57,76.96,32.9,46.18,16.4,70,26.17,6.96,54.11,2.11,64.61,60.86,49.69,52.87,54.91,55,7.8,5.61,9.83,2.76,2.08,14.4,16.07,9.41,17.54,11.85,13.66
Mahe,Puducherry,97.87,895,73.97,89.7,84.47,72.61,39.95,79.93,55.61,59.25,35.39,48.53,59.26,44.99,48.28,62.79,67.23,49.63,21.29,63.41,52.81,2900,89.97,49.14,5.81,90.35,19.75,14.01,2.25,32.99,62.18,42.89,33,45.69,74.96,27.47,8.22,33.66,66.91,76.71,67.87,19.65,31.54,24.56,32.91,18.95,11.61,40.58,1.25,95,65.22,83.86,75.62,72.43,45.15,0,1.25,12.67,4.72,6.72,13.2,9.63,6.29,25.83,20.55,11.77
Nicobars,Andaman And Nicobar Islands,78.06,941,58.75,74.78,58.37,52.33,67.8,94.35,31.73,64.18,40.63,50,57.33,51.52,43.59,34.95,46.62,38.03,24.84,50.05,60.07,3185,67.76,33.12,37.2,76.38,16.7,1.83,1.86,50.29,41.16,79.99,56.31,58.96,60.54,43.7,4.14,24.38,50.19,62.66,67.46,17.81,30.4,2,63.17,26.7,9.56,53.5,1.02,61.38,53.38,59.25,54.8,57.14,49.37,2.29,1.5,9.26,5.72,3.61,22.18,12.44,0.99,15.17,15.46,14.15
Upper Siang,Arunachal Pradesh,59.99,903,52.96,52.48,39.84,55.92,21.46,75.16,45.75,38.16,67.97,50,43.86,55,16.96,29.11,43.38,33.12,38.3,17.52,44.85,2978,51.27,15.6,30.28,47.47,22.49,10.78,12.38,42.5,35.59,47.85,24.97,41,80.79,17.98,10.62,11.24,77.36,54.71,75.1,30.53,35.92,23.26,70,19.74,9.28,58.24,3.95,41.92,41.43,53.16,43.79,42.47,55,9.11,2.88,7.12,4.57,6.27,11.48,10.59,8.7,6.33,19.09,13.74
Lahul and Spiti,Himachal Pradesh,76.81,878,67.24,63.02,67.11,62.16,40.47,76.56,38.71,61.6,52.74,50,57.65,54.12,61.76,24.05,57.34,43.87,30.63,52.79,69.85,1112,65.7,27.19,37.17,55.51,9.55,8.07,1,23.05,33.03,60.72,53.17,95,82.9,26.01,1,28.56,78.84,68.26,95,11.5,36.74,19.74,52.69,19.17,8.29,55.54,0.82,64.14,48.18,38.19,46.33,48.4,43.58,7.68,1.91,7.92,6.86,8.42,18.65,6.46,16.09,11.69,9.51,14.44
Anjaw,Arunachal Pradesh,56.46,972,49.32,56.98,61.79,48.25,37.22,64.76,47.59,53.5,70,50,29.25,55,41.46,50.4,45.72,50.4,17.49,38.12,35.93,2524,53.43,35.13,33.76,43.11,23.97,21.28,6.75,22.23,24.32,28.38,20.61,30.69,50.12,60.96,11.22,34.82,54.33,61.65,78.21,18.54,33.48,2,69.58,30.98,14.51,60,2.25,90.09,50.25,44.52,49.35,47.44,55,5.37,0,10.54,5.87,10.34,11.13,11.54,3.12,5.65,9.47,4.6
Dibang Valley,Arunachal Pradesh,64.1,980,56.19,62.74,48.22,35.21,24.59,87.85,5,41.9,58.08,50,28.86,55,52.42,22.86,48.47,51.04,24.82,49.76,31.13,2964,47.63,23.75,27.11,52.23,2,1,1,25.59,32.78,66.1,37.55,75.75,79.33,23.15,11.05,24.32,34.79,80.61,69.44,23.56,29.41,52.29,70,19.95,13,52.1,2.43,80.85,39.2,74.16,56.5,59.52,55,2.42,5.73,10.2,5.47,5.69,13.26,14.83,16.03,0.33,2.97,7.84
